﻿<?xml version="1.0" encoding="utf-8"?>
<deployment>
  <id>3b51c289-f9d8-48c4-b292-3d272a75ee3b</id>
  <author>N/A</author>
  <deployer>Push-Deployer</deployer>
  <authorEmail>N/A</authorEmail>
  <message>Created via a push deployment</message>
  <progress></progress>
  <status>Success</status>
  <statusText></statusText>
  <lastSuccessEndTime>2025-07-02T11:46:36.4737837Z</lastSuccessEndTime>
  <receivedTime>2025-07-02T11:45:27.6368673Z</receivedTime>
  <startTime>2025-07-02T11:45:29.1484585Z</startTime>
  <endTime>2025-07-02T11:46:36.4737837Z</endTime>
  <complete>True</complete>
  <is_temp>False</is_temp>
  <is_readonly>True</is_readonly>
  <buildSummary />
</deployment>