﻿<?xml version="1.0" encoding="utf-8"?>
<deployment>
  <id>73ea369a-a2a3-45f2-8770-a6f5c8768893</id>
  <author>N/A</author>
  <deployer>Push-Deployer</deployer>
  <authorEmail>N/A</authorEmail>
  <message>Created via a push deployment</message>
  <progress></progress>
  <status>Success</status>
  <statusText></statusText>
  <lastSuccessEndTime>2025-07-02T09:40:34.0463563Z</lastSuccessEndTime>
  <receivedTime>2025-07-02T09:26:27.9461524Z</receivedTime>
  <startTime>2025-07-02T09:26:29.5194188Z</startTime>
  <endTime>2025-07-02T09:40:34.0463563Z</endTime>
  <complete>True</complete>
  <is_temp>False</is_temp>
  <is_readonly>True</is_readonly>
  <buildSummary />
</deployment>