﻿<?xml version="1.0" encoding="utf-8"?>
<deployment>
  <id>2899d1e2-34ac-4d41-88ff-66c0d0236b4b</id>
  <author>N/A</author>
  <deployer>Push-Deployer</deployer>
  <authorEmail>N/A</authorEmail>
  <message>Created via a push deployment</message>
  <progress></progress>
  <status>Success</status>
  <statusText></statusText>
  <lastSuccessEndTime>2025-07-02T11:04:58.4739027Z</lastSuccessEndTime>
  <receivedTime>2025-07-02T11:03:52.930588Z</receivedTime>
  <startTime>2025-07-02T11:03:54.399867Z</startTime>
  <endTime>2025-07-02T11:04:58.4739027Z</endTime>
  <complete>True</complete>
  <is_temp>False</is_temp>
  <is_readonly>True</is_readonly>
  <buildSummary />
</deployment>