<step title="Incoming Request" date="2025-07-02T08:48:30.668" instance="978fb3" url="/api/deployments/latest" method="GET" type="request" pid="767,1,22" Accept="*/*" Host="langchain-rag-bot-20250702123642.scm.azurewebsites.net" User-Agent="AZURECLI/2.58.0 (MSI)" Accept-Encoding="gzip, deflate" Authorization="Bea..." x-ms-client-request-id="47d59d02-5720-11f0-8839-99c40e872c42" X-ARR-LOG-ID="47d59d02-5720-11f0-8839-99c40e872c42" CLIENT-IP="4.194.122.170:48964" X-SITE-DEPLOYMENT-ID="langchain-rag-bot-20250702123642" WAS-DEFAULT-HOSTNAME="langchain-rag-bot-20250702123642.scm.azurewebsites.net" X-Forwarded-Proto="https" X-AppService-Proto="https" X-Forwarded-TlsVersion="1.3" X-WAWS-Unencoded-URL="/api/deployments/latest" X-Client-IP="4.194.122.170" X-Client-Port="48964" >
  <step title="Cleanup Xml Logs" date="2025-07-02T08:48:30.695" >
    <step title="Cleanup Infos" date="2025-07-02T08:48:30.765" totalFiles="411" totalCleanup="251" /><!-- duration: 30ms -->
  </step><!-- duration: 109ms -->
  <step title="DeploymentService.GetResult" date="2025-07-02T08:48:30.831" >
    <step title="DeploymentService.GetLatestDeployment" date="2025-07-02T08:48:30.833" >
      <step title="DeploymentManager.GetResults" date="2025-07-02T08:48:30.843" /><!-- duration: 525ms -->
    </step><!-- duration: 540ms -->
  </step><!-- duration: 547ms -->
  <step title="Outgoing response" date="2025-07-02T08:48:31.382" type="response" statusCode="202" statusText="Accepted" /><!-- duration: 5ms -->
</step><!-- duration: 726ms -->
