<step title="Incoming Request" date="2025-07-02T08:12:24.708" instance="978fb3" url="/api/deployments/latest" method="GET" type="request" pid="772,1,31" Accept="*/*" Host="langchain-rag-bot-20250702123642.scm.azurewebsites.net" User-Agent="AZURECLI/2.58.0 (MSI)" Accept-Encoding="gzip, deflate" Authorization="Bea..." x-ms-client-request-id="da16f1eb-571b-11f0-ba80-99c40e872c42" X-ARR-LOG-ID="da16f1eb-571b-11f0-ba80-99c40e872c42" CLIENT-IP="4.194.122.136:51501" X-SITE-DEPLOYMENT-ID="langchain-rag-bot-20250702123642" WAS-DEFAULT-HOSTNAME="langchain-rag-bot-20250702123642.scm.azurewebsites.net" X-Forwarded-Proto="https" X-AppService-Proto="https" X-Forwarded-TlsVersion="1.3" X-WAWS-Unencoded-URL="/api/deployments/latest" X-Client-IP="4.194.122.136" X-Client-Port="51501" >
  <step title="Cleanup Xml Logs" date="2025-07-02T08:12:24.730" >
    <step title="Cleanup Infos" date="2025-07-02T08:12:24.834" totalFiles="229" totalCleanup="69" /><!-- duration: 29ms -->
  </step><!-- duration: 143ms -->
  <step title="DeploymentService.GetResult" date="2025-07-02T08:12:24.941" >
    <step title="DeploymentService.GetLatestDeployment" date="2025-07-02T08:12:24.950" >
      <step title="DeploymentManager.GetResults" date="2025-07-02T08:12:24.960" /><!-- duration: 880ms -->
    </step><!-- duration: 911ms -->
  </step><!-- duration: 946ms -->
  <step title="Outgoing response" date="2025-07-02T08:12:25.897" type="response" statusCode="202" statusText="Accepted" /><!-- duration: 8ms -->
</step><!-- duration: 1208ms -->
