<step title="Incoming Request" date="2025-07-02T08:42:40.344" instance="978fb3" url="/api/deployments/latest" method="GET" type="request" pid="767,1,18" Accept="*/*" Host="langchain-rag-bot-20250702123642.scm.azurewebsites.net" User-Agent="AZURECLI/2.58.0 (MSI)" Accept-Encoding="gzip, deflate" Authorization="Bea..." x-ms-client-request-id="47d59d02-5720-11f0-8839-99c40e872c42" X-ARR-LOG-ID="47d59d02-5720-11f0-8839-99c40e872c42" CLIENT-IP="4.194.122.136:19743" X-SITE-DEPLOYMENT-ID="langchain-rag-bot-20250702123642" WAS-DEFAULT-HOSTNAME="langchain-rag-bot-20250702123642.scm.azurewebsites.net" X-Forwarded-Proto="https" X-AppService-Proto="https" X-Forwarded-TlsVersion="1.3" X-WAWS-Unencoded-URL="/api/deployments/latest" X-Client-IP="4.194.122.136" X-Client-Port="19743" >
  <step title="Cleanup Xml Logs" date="2025-07-02T08:42:40.354" >
    <step title="Cleanup Infos" date="2025-07-02T08:42:40.371" totalFiles="347" totalCleanup="187" /><!-- duration: 5ms -->
  </step><!-- duration: 28ms -->
  <step title="DeploymentService.GetResult" date="2025-07-02T08:42:40.404" >
    <step title="DeploymentService.GetLatestDeployment" date="2025-07-02T08:42:40.413" >
      <step title="DeploymentManager.GetResults" date="2025-07-02T08:42:40.418" /><!-- duration: 535ms -->
    </step><!-- duration: 559ms -->
  </step><!-- duration: 579ms -->
  <step title="Outgoing response" date="2025-07-02T08:42:40.996" type="response" statusCode="202" statusText="Accepted" /><!-- duration: 24ms -->
</step><!-- duration: 686ms -->
