<step title="Incoming Request" date="2025-07-02T08:45:01.157" instance="978fb3" url="/api/deployments/latest" method="GET" type="request" pid="767,1,25" Accept="*/*" Host="langchain-rag-bot-20250702123642.scm.azurewebsites.net" User-Agent="AZURECLI/2.58.0 (MSI)" Accept-Encoding="gzip, deflate" Authorization="Bea..." x-ms-client-request-id="47d59d02-5720-11f0-8839-99c40e872c42" X-ARR-LOG-ID="47d59d02-5720-11f0-8839-99c40e872c42" CLIENT-IP="4.194.122.144:25226" X-SITE-DEPLOYMENT-ID="langchain-rag-bot-20250702123642" WAS-DEFAULT-HOSTNAME="langchain-rag-bot-20250702123642.scm.azurewebsites.net" X-Forwarded-Proto="https" X-AppService-Proto="https" X-Forwarded-TlsVersion="1.3" X-WAWS-Unencoded-URL="/api/deployments/latest" X-Client-IP="4.194.122.144" X-Client-Port="25226" >
  <step title="Cleanup Xml Logs" date="2025-07-02T08:45:01.176" >
    <step title="Cleanup Infos" date="2025-07-02T08:45:01.225" totalFiles="372" totalCleanup="212" /><!-- duration: 19ms -->
  </step><!-- duration: 163ms -->
  <step title="DeploymentService.GetResult" date="2025-07-02T08:45:01.405" >
    <step title="DeploymentService.GetLatestDeployment" date="2025-07-02T08:45:01.512" >
      <step title="DeploymentManager.GetResults" date="2025-07-02T08:45:01.541" /><!-- duration: 880ms -->
    </step><!-- duration: 917ms -->
  </step><!-- duration: 1028ms -->
  <step title="Outgoing response" date="2025-07-02T08:45:02.439" type="response" statusCode="202" statusText="Accepted" /><!-- duration: 11ms -->
</step><!-- duration: 1339ms -->
