<step title="Incoming Request" date="2025-07-02T08:16:45.060" instance="978fb3" url="/api/deployments/latest" method="GET" type="request" pid="772,1,31" Accept="*/*" Host="langchain-rag-bot-20250702123642.scm.azurewebsites.net" User-Agent="AZURECLI/2.58.0 (MSI)" Accept-Encoding="gzip, deflate" Authorization="Bea..." x-ms-client-request-id="da16f1eb-571b-11f0-ba80-99c40e872c42" X-ARR-LOG-ID="da16f1eb-571b-11f0-ba80-99c40e872c42" CLIENT-IP="4.194.122.144:25231" X-SITE-DEPLOYMENT-ID="langchain-rag-bot-20250702123642" WAS-DEFAULT-HOSTNAME="langchain-rag-bot-20250702123642.scm.azurewebsites.net" X-Forwarded-Proto="https" X-AppService-Proto="https" X-Forwarded-TlsVersion="1.3" X-WAWS-Unencoded-URL="/api/deployments/latest" X-Client-IP="4.194.122.144" X-Client-Port="25231" >
  <step title="Cleanup Xml Logs" date="2025-07-02T08:16:45.075" >
    <step title="Cleanup Infos" date="2025-07-02T08:16:45.116" totalFiles="280" totalCleanup="120" /><!-- duration: 10ms -->
  </step><!-- duration: 60ms -->
  <step title="DeploymentService.GetResult" date="2025-07-02T08:16:45.165" >
    <step title="DeploymentService.GetLatestDeployment" date="2025-07-02T08:16:45.174" >
      <step title="DeploymentManager.GetResults" date="2025-07-02T08:16:45.184" /><!-- duration: 570ms -->
    </step><!-- duration: 599ms -->
  </step><!-- duration: 617ms -->
  <step title="Outgoing response" date="2025-07-02T08:16:45.810" type="response" statusCode="202" statusText="Accepted" /><!-- duration: 9ms -->
</step><!-- duration: 769ms -->
