<step title="Incoming Request" date="2025-07-02T08:43:37.692" instance="978fb3" url="/api/deployments/latest" method="GET" type="request" pid="767,1,19" Accept="*/*" Host="langchain-rag-bot-20250702123642.scm.azurewebsites.net" User-Agent="AZURECLI/2.58.0 (MSI)" Accept-Encoding="gzip, deflate" Authorization="Bea..." x-ms-client-request-id="47d59d02-5720-11f0-8839-99c40e872c42" X-ARR-LOG-ID="47d59d02-5720-11f0-8839-99c40e872c42" CLIENT-IP="4.194.122.136:19729" X-SITE-DEPLOYMENT-ID="langchain-rag-bot-20250702123642" WAS-DEFAULT-HOSTNAME="langchain-rag-bot-20250702123642.scm.azurewebsites.net" X-Forwarded-Proto="https" X-AppService-Proto="https" X-Forwarded-TlsVersion="1.3" X-WAWS-Unencoded-URL="/api/deployments/latest" X-Client-IP="4.194.122.136" X-Client-Port="19729" >
  <step title="Cleanup Xml Logs" date="2025-07-02T08:43:37.712" >
    <step title="Cleanup Infos" date="2025-07-02T08:43:37.786" totalFiles="357" totalCleanup="197" /><!-- duration: 20ms -->
  </step><!-- duration: 105ms -->
  <step title="DeploymentService.GetResult" date="2025-07-02T08:43:37.864" >
    <step title="DeploymentService.GetLatestDeployment" date="2025-07-02T08:43:37.867" >
      <step title="DeploymentManager.GetResults" date="2025-07-02T08:43:37.886" /><!-- duration: 1009ms -->
    </step><!-- duration: 1102ms -->
  </step><!-- duration: 1116ms -->
  <step title="Outgoing response" date="2025-07-02T08:43:39.102" type="response" statusCode="202" statusText="Accepted" /><!-- duration: 12ms -->
</step><!-- duration: 1430ms -->
