<step title="Incoming Request" date="2025-07-02T08:12:08.667" instance="978fb3" url="/api/deployments/latest" method="GET" type="request" pid="772,1,29" Accept="*/*" Host="langchain-rag-bot-20250702123642.scm.azurewebsites.net" User-Agent="AZURECLI/2.58.0 (MSI)" Accept-Encoding="gzip, deflate" Authorization="Bea..." x-ms-client-request-id="da16f1eb-571b-11f0-ba80-99c40e872c42" X-ARR-LOG-ID="da16f1eb-571b-11f0-ba80-99c40e872c42" CLIENT-IP="4.194.122.170:9324" X-SITE-DEPLOYMENT-ID="langchain-rag-bot-20250702123642" WAS-DEFAULT-HOSTNAME="langchain-rag-bot-20250702123642.scm.azurewebsites.net" X-Forwarded-Proto="https" X-AppService-Proto="https" X-Forwarded-TlsVersion="1.3" X-WAWS-Unencoded-URL="/api/deployments/latest" X-Client-IP="4.194.122.170" X-Client-Port="9324" >
  <step title="Cleanup Xml Logs" date="2025-07-02T08:12:08.677" >
    <step title="Cleanup Infos" date="2025-07-02T08:12:08.708" totalFiles="226" totalCleanup="66" /><!-- duration: 8ms -->
  </step><!-- duration: 46ms -->
  <step title="DeploymentService.GetResult" date="2025-07-02T08:12:08.751" >
    <step title="DeploymentService.GetLatestDeployment" date="2025-07-02T08:12:08.760" >
      <step title="DeploymentManager.GetResults" date="2025-07-02T08:12:08.770" /><!-- duration: 644ms -->
    </step><!-- duration: 689ms -->
  </step><!-- duration: 736ms -->
  <step title="Outgoing response" date="2025-07-02T08:12:09.528" type="response" statusCode="202" statusText="Accepted" /><!-- duration: 25ms -->
</step><!-- duration: 897ms -->
