<step title="Incoming Request" date="2025-07-02T08:48:41.755" instance="978fb3" url="/api/deployments/latest" method="GET" type="request" pid="767,1,22" Accept="*/*" Host="langchain-rag-bot-20250702123642.scm.azurewebsites.net" User-Agent="AZURECLI/2.58.0 (MSI)" Accept-Encoding="gzip, deflate" Authorization="Bea..." x-ms-client-request-id="47d59d02-5720-11f0-8839-99c40e872c42" X-ARR-LOG-ID="47d59d02-5720-11f0-8839-99c40e872c42" CLIENT-IP="4.194.122.136:52361" X-SITE-DEPLOYMENT-ID="langchain-rag-bot-20250702123642" WAS-DEFAULT-HOSTNAME="langchain-rag-bot-20250702123642.scm.azurewebsites.net" X-Forwarded-Proto="https" X-AppService-Proto="https" X-Forwarded-TlsVersion="1.3" X-WAWS-Unencoded-URL="/api/deployments/latest" X-Client-IP="4.194.122.136" X-Client-Port="52361" >
  <step title="Cleanup Xml Logs" date="2025-07-02T08:48:41.765" >
    <step title="Cleanup Infos" date="2025-07-02T08:48:41.807" totalFiles="413" totalCleanup="253" /><!-- duration: 10ms -->
  </step><!-- duration: 61ms -->
  <step title="DeploymentService.GetResult" date="2025-07-02T08:48:41.853" >
    <step title="DeploymentService.GetLatestDeployment" date="2025-07-02T08:48:41.856" >
      <step title="DeploymentManager.GetResults" date="2025-07-02T08:48:41.866" /><!-- duration: 499ms -->
    </step><!-- duration: 518ms -->
  </step><!-- duration: 531ms -->
  <step title="Outgoing response" date="2025-07-02T08:48:42.403" type="response" statusCode="202" statusText="Accepted" /><!-- duration: 3ms -->
</step><!-- duration: 666ms -->
