<step title="Incoming Request" date="2025-07-02T08:14:46.585" instance="978fb3" url="/api/deployments/latest" method="GET" type="request" pid="772,1,22" Accept="*/*" Host="langchain-rag-bot-20250702123642.scm.azurewebsites.net" User-Agent="AZURECLI/2.58.0 (MSI)" Accept-Encoding="gzip, deflate" Authorization="Bea..." x-ms-client-request-id="da16f1eb-571b-11f0-ba80-99c40e872c42" X-ARR-LOG-ID="da16f1eb-571b-11f0-ba80-99c40e872c42" CLIENT-IP="4.194.122.136:35080" X-SITE-DEPLOYMENT-ID="langchain-rag-bot-20250702123642" WAS-DEFAULT-HOSTNAME="langchain-rag-bot-20250702123642.scm.azurewebsites.net" X-Forwarded-Proto="https" X-AppService-Proto="https" X-Forwarded-TlsVersion="1.3" X-WAWS-Unencoded-URL="/api/deployments/latest" X-Client-IP="4.194.122.136" X-Client-Port="35080" >
  <step title="Cleanup Xml Logs" date="2025-07-02T08:14:46.610" >
    <step title="Cleanup Infos" date="2025-07-02T08:14:46.667" totalFiles="257" totalCleanup="97" /><!-- duration: 19ms -->
  </step><!-- duration: 95ms -->
  <step title="DeploymentService.GetResult" date="2025-07-02T08:14:46.734" >
    <step title="DeploymentService.GetLatestDeployment" date="2025-07-02T08:14:46.744" >
      <step title="DeploymentManager.GetResults" date="2025-07-02T08:14:46.752" /><!-- duration: 736ms -->
    </step><!-- duration: 774ms -->
  </step><!-- duration: 813ms -->
  <step title="Outgoing response" date="2025-07-02T08:14:47.576" type="response" statusCode="202" statusText="Accepted" /><!-- duration: 21ms -->
</step><!-- duration: 1033ms -->
