<step title="Incoming Request" date="2025-07-02T08:14:30.768" instance="978fb3" url="/api/deployments/latest" method="GET" type="request" pid="772,1,28" Accept="*/*" Host="langchain-rag-bot-20250702123642.scm.azurewebsites.net" User-Agent="AZURECLI/2.58.0 (MSI)" Accept-Encoding="gzip, deflate" Authorization="Bea..." x-ms-client-request-id="da16f1eb-571b-11f0-ba80-99c40e872c42" X-ARR-LOG-ID="da16f1eb-571b-11f0-ba80-99c40e872c42" CLIENT-IP="4.194.122.162:2193" X-SITE-DEPLOYMENT-ID="langchain-rag-bot-20250702123642" WAS-DEFAULT-HOSTNAME="langchain-rag-bot-20250702123642.scm.azurewebsites.net" X-Forwarded-Proto="https" X-AppService-Proto="https" X-Forwarded-TlsVersion="1.3" X-WAWS-Unencoded-URL="/api/deployments/latest" X-Client-IP="4.194.122.162" X-Client-Port="2193" >
  <step title="Cleanup Xml Logs" date="2025-07-02T08:14:30.787" >
    <step title="Cleanup Infos" date="2025-07-02T08:14:30.860" totalFiles="254" totalCleanup="94" /><!-- duration: 19ms -->
  </step><!-- duration: 112ms -->
  <step title="DeploymentService.GetResult" date="2025-07-02T08:14:30.940" >
    <step title="DeploymentService.GetLatestDeployment" date="2025-07-02T08:14:30.957" >
      <step title="DeploymentManager.GetResults" date="2025-07-02T08:14:30.977" /><!-- duration: 610ms -->
    </step><!-- duration: 651ms -->
  </step><!-- duration: 688ms -->
  <step title="Outgoing response" date="2025-07-02T08:14:31.721" type="response" statusCode="202" statusText="Accepted" /><!-- duration: 12ms -->
</step><!-- duration: 992ms -->
