<step title="Incoming Request" date="2025-07-02T08:42:44.944" instance="978fb3" url="/api/deployments/latest" method="GET" type="request" pid="767,1,19" Accept="*/*" Host="langchain-rag-bot-20250702123642.scm.azurewebsites.net" User-Agent="AZURECLI/2.58.0 (MSI)" Accept-Encoding="gzip, deflate" Authorization="Bea..." x-ms-client-request-id="47d59d02-5720-11f0-8839-99c40e872c42" X-ARR-LOG-ID="47d59d02-5720-11f0-8839-99c40e872c42" CLIENT-IP="4.194.122.136:14092" X-SITE-DEPLOYMENT-ID="langchain-rag-bot-20250702123642" WAS-DEFAULT-HOSTNAME="langchain-rag-bot-20250702123642.scm.azurewebsites.net" X-Forwarded-Proto="https" X-AppService-Proto="https" X-Forwarded-TlsVersion="1.3" X-WAWS-Unencoded-URL="/api/deployments/latest" X-Client-IP="4.194.122.136" X-Client-Port="14092" >
  <step title="Cleanup Xml Logs" date="2025-07-02T08:42:44.970" >
    <step title="Cleanup Infos" date="2025-07-02T08:42:45.020" totalFiles="348" totalCleanup="188" /><!-- duration: 9ms -->
  </step><!-- duration: 68ms -->
  <step title="DeploymentService.GetResult" date="2025-07-02T08:42:45.069" >
    <step title="DeploymentService.GetLatestDeployment" date="2025-07-02T08:42:45.078" >
      <step title="DeploymentManager.GetResults" date="2025-07-02T08:42:45.088" /><!-- duration: 596ms -->
    </step><!-- duration: 616ms -->
  </step><!-- duration: 635ms -->
  <step title="Outgoing response" date="2025-07-02T08:42:45.722" type="response" statusCode="202" statusText="Accepted" /><!-- duration: 3ms -->
</step><!-- duration: 790ms -->
