<step title="Incoming Request" date="2025-07-02T09:00:29.981" instance="978fb3" url="/api/deployments/latest" method="GET" type="request" pid="767,1,7" Accept="*/*" Host="langchain-rag-bot-20250702123642.scm.azurewebsites.net" User-Agent="AZURECLI/2.58.0 (MSI)" Accept-Encoding="gzip, deflate" Authorization="Bea..." x-ms-client-request-id="e7913544-5722-11f0-95b7-99c40e872c42" X-ARR-LOG-ID="e7913544-5722-11f0-95b7-99c40e872c42" CLIENT-IP="4.194.122.136:45388" X-SITE-DEPLOYMENT-ID="langchain-rag-bot-20250702123642" WAS-DEFAULT-HOSTNAME="langchain-rag-bot-20250702123642.scm.azurewebsites.net" X-Forwarded-Proto="https" X-AppService-Proto="https" X-Forwarded-TlsVersion="1.3" X-WAWS-Unencoded-URL="/api/deployments/latest" X-Client-IP="4.194.122.136" X-Client-Port="45388" >
  <step title="Cleanup Xml Logs" date="2025-07-02T09:00:29.994" >
    <step title="Cleanup Infos" date="2025-07-02T09:00:30.082" totalFiles="485" totalCleanup="325" /><!-- duration: 18ms -->
  </step><!-- duration: 123ms -->
  <step title="DeploymentService.GetResult" date="2025-07-02T09:00:30.167" >
    <step title="DeploymentService.GetLatestDeployment" date="2025-07-02T09:00:30.213" >
      <step title="DeploymentManager.GetResults" date="2025-07-02T09:00:30.320" /><!-- duration: 945ms -->
    </step><!-- duration: 1069ms -->
  </step><!-- duration: 1135ms -->
  <step title="Outgoing response" date="2025-07-02T09:00:31.330" type="response" statusCode="202" statusText="Accepted" /><!-- duration: 18ms -->
</step><!-- duration: 1396ms -->
