<step title="Incoming Request" date="2025-07-02T08:49:35.005" instance="978fb3" url="/api/deployments/latest" method="GET" type="request" pid="767,1,3" Accept="*/*" Host="langchain-rag-bot-20250702123642.scm.azurewebsites.net" User-Agent="AZURECLI/2.58.0 (MSI)" Accept-Encoding="gzip, deflate" Authorization="Bea..." x-ms-client-request-id="47d59d02-5720-11f0-8839-99c40e872c42" X-ARR-LOG-ID="47d59d02-5720-11f0-8839-99c40e872c42" CLIENT-IP="4.194.122.136:52386" X-SITE-DEPLOYMENT-ID="langchain-rag-bot-20250702123642" WAS-DEFAULT-HOSTNAME="langchain-rag-bot-20250702123642.scm.azurewebsites.net" X-Forwarded-Proto="https" X-AppService-Proto="https" X-Forwarded-TlsVersion="1.3" X-WAWS-Unencoded-URL="/api/deployments/latest" X-Client-IP="4.194.122.136" X-Client-Port="52386" >
  <step title="Cleanup Xml Logs" date="2025-07-02T08:49:35.023" >
    <step title="Cleanup Infos" date="2025-07-02T08:49:35.078" totalFiles="423" totalCleanup="263" /><!-- duration: 19ms -->
  </step><!-- duration: 104ms -->
  <step title="DeploymentService.GetResult" date="2025-07-02T08:49:35.195" >
    <step title="DeploymentService.GetLatestDeployment" date="2025-07-02T08:49:35.206" >
      <step title="DeploymentManager.GetResults" date="2025-07-02T08:49:35.216" /><!-- duration: 589ms -->
    </step><!-- duration: 617ms -->
  </step><!-- duration: 631ms -->
  <step title="Outgoing response" date="2025-07-02T08:49:35.845" type="response" statusCode="202" statusText="Accepted" /><!-- duration: 17ms -->
</step><!-- duration: 867ms -->
