<step title="Incoming Request" date="2025-07-02T09:00:24.473" instance="978fb3" url="/api/deployments/latest" method="GET" type="request" pid="767,1,20" Accept="*/*" Host="langchain-rag-bot-20250702123642.scm.azurewebsites.net" User-Agent="AZURECLI/2.58.0 (MSI)" Accept-Encoding="gzip, deflate" Authorization="Bea..." x-ms-client-request-id="e7913544-5722-11f0-95b7-99c40e872c42" X-ARR-LOG-ID="e7913544-5722-11f0-95b7-99c40e872c42" CLIENT-IP="4.194.122.136:35081" X-SITE-DEPLOYMENT-ID="langchain-rag-bot-20250702123642" WAS-DEFAULT-HOSTNAME="langchain-rag-bot-20250702123642.scm.azurewebsites.net" X-Forwarded-Proto="https" X-AppService-Proto="https" X-Forwarded-TlsVersion="1.3" X-WAWS-Unencoded-URL="/api/deployments/latest" X-Client-IP="4.194.122.136" X-Client-Port="35081" >
  <step title="Cleanup Xml Logs" date="2025-07-02T09:00:24.489" >
    <step title="Cleanup Infos" date="2025-07-02T09:00:24.607" totalFiles="484" totalCleanup="324" /><!-- duration: 19ms -->
  </step><!-- duration: 149ms -->
  <step title="DeploymentService.GetResult" date="2025-07-02T09:00:24.911" >
    <step title="DeploymentService.GetLatestDeployment" date="2025-07-02T09:00:24.929" >
      <step title="DeploymentManager.GetResults" date="2025-07-02T09:00:24.939" /><!-- duration: 844ms -->
    </step><!-- duration: 876ms -->
  </step><!-- duration: 902ms -->
  <step title="Outgoing response" date="2025-07-02T09:00:25.841" type="response" statusCode="202" statusText="Accepted" /><!-- duration: 37ms -->
</step><!-- duration: 1417ms -->
