<step title="Incoming Request" date="2025-07-02T08:50:48.308" instance="978fb3" url="/api/deployments/latest" method="GET" type="request" pid="767,1,15" Accept="*/*" Host="langchain-rag-bot-20250702123642.scm.azurewebsites.net" User-Agent="AZURECLI/2.58.0 (MSI)" Accept-Encoding="gzip, deflate" Authorization="Bea..." x-ms-client-request-id="47d59d02-5720-11f0-8839-99c40e872c42" X-ARR-LOG-ID="47d59d02-5720-11f0-8839-99c40e872c42" CLIENT-IP="4.194.122.136:11418" X-SITE-DEPLOYMENT-ID="langchain-rag-bot-20250702123642" WAS-DEFAULT-HOSTNAME="langchain-rag-bot-20250702123642.scm.azurewebsites.net" X-Forwarded-Proto="https" X-AppService-Proto="https" X-Forwarded-TlsVersion="1.3" X-WAWS-Unencoded-URL="/api/deployments/latest" X-Client-IP="4.194.122.136" X-Client-Port="11418" >
  <step title="Cleanup Xml Logs" date="2025-07-02T08:50:48.345" >
    <step title="Cleanup Infos" date="2025-07-02T08:50:48.442" totalFiles="436" totalCleanup="276" /><!-- duration: 10ms -->
  </step><!-- duration: 126ms -->
  <step title="DeploymentService.GetResult" date="2025-07-02T08:50:48.546" >
    <step title="DeploymentService.GetLatestDeployment" date="2025-07-02T08:50:48.585" >
      <step title="DeploymentManager.GetResults" date="2025-07-02T08:50:48.634" /><!-- duration: 855ms -->
    </step><!-- duration: 941ms -->
  </step><!-- duration: 1000ms -->
  <step title="Outgoing response" date="2025-07-02T08:50:49.565" type="response" statusCode="202" statusText="Accepted" /><!-- duration: 17ms -->
</step><!-- duration: 1283ms -->
