<step title="Incoming Request" date="2025-07-02T08:45:59.405" instance="978fb3" url="/api/deployments/latest" method="GET" type="request" pid="767,1,22" Accept="*/*" Host="langchain-rag-bot-20250702123642.scm.azurewebsites.net" User-Agent="AZURECLI/2.58.0 (MSI)" Accept-Encoding="gzip, deflate" Authorization="Bea..." x-ms-client-request-id="47d59d02-5720-11f0-8839-99c40e872c42" X-ARR-LOG-ID="47d59d02-5720-11f0-8839-99c40e872c42" CLIENT-IP="4.194.122.162:56478" X-SITE-DEPLOYMENT-ID="langchain-rag-bot-20250702123642" WAS-DEFAULT-HOSTNAME="langchain-rag-bot-20250702123642.scm.azurewebsites.net" X-Forwarded-Proto="https" X-AppService-Proto="https" X-Forwarded-TlsVersion="1.3" X-WAWS-Unencoded-URL="/api/deployments/latest" X-Client-IP="4.194.122.162" X-Client-Port="56478" >
  <step title="Cleanup Xml Logs" date="2025-07-02T08:45:59.415" >
    <step title="Cleanup Infos" date="2025-07-02T08:45:59.510" totalFiles="383" totalCleanup="223" /><!-- duration: 10ms -->
  </step><!-- duration: 124ms -->
  <step title="DeploymentService.GetResult" date="2025-07-02T08:45:59.570" >
    <step title="DeploymentService.GetLatestDeployment" date="2025-07-02T08:45:59.577" >
      <step title="DeploymentManager.GetResults" date="2025-07-02T08:45:59.587" /><!-- duration: 398ms -->
    </step><!-- duration: 424ms -->
  </step><!-- duration: 436ms -->
  <step title="Outgoing response" date="2025-07-02T08:46:00.012" type="response" statusCode="202" statusText="Accepted" /><!-- duration: 10ms -->
</step><!-- duration: 621ms -->
