<step title="Incoming Request" date="2025-07-02T08:19:38.938" instance="978fb3" url="/api/deployments/latest" method="GET" type="request" pid="772,1,28" Accept="*/*" Host="langchain-rag-bot-20250702123642.scm.azurewebsites.net" User-Agent="AZURECLI/2.58.0 (MSI)" Accept-Encoding="gzip, deflate" Authorization="Bea..." x-ms-client-request-id="da16f1eb-571b-11f0-ba80-99c40e872c42" X-ARR-LOG-ID="da16f1eb-571b-11f0-ba80-99c40e872c42" CLIENT-IP="4.194.122.162:2762" X-SITE-DEPLOYMENT-ID="langchain-rag-bot-20250702123642" WAS-DEFAULT-HOSTNAME="langchain-rag-bot-20250702123642.scm.azurewebsites.net" X-Forwarded-Proto="https" X-AppService-Proto="https" X-Forwarded-TlsVersion="1.3" X-WAWS-Unencoded-URL="/api/deployments/latest" X-Client-IP="4.194.122.162" X-Client-Port="2762" >
  <step title="Cleanup Xml Logs" date="2025-07-02T08:19:38.956" >
    <step title="Cleanup Infos" date="2025-07-02T08:19:39.014" totalFiles="310" totalCleanup="150" /><!-- duration: 12ms -->
  </step><!-- duration: 88ms -->
  <step title="DeploymentService.GetResult" date="2025-07-02T08:19:39.074" >
    <step title="DeploymentService.GetLatestDeployment" date="2025-07-02T08:19:39.084" >
      <step title="DeploymentManager.GetResults" date="2025-07-02T08:19:39.100" /><!-- duration: 474ms -->
    </step><!-- duration: 501ms -->
  </step><!-- duration: 527ms -->
  <step title="Outgoing response" date="2025-07-02T08:19:39.612" type="response" statusCode="202" statusText="Accepted" /><!-- duration: 9ms -->
</step><!-- duration: 692ms -->
