<step title="Incoming Request" date="2025-07-02T08:44:55.428" instance="978fb3" url="/api/deployments/latest" method="GET" type="request" pid="767,1,24" Accept="*/*" Host="langchain-rag-bot-20250702123642.scm.azurewebsites.net" User-Agent="AZURECLI/2.58.0 (MSI)" Accept-Encoding="gzip, deflate" Authorization="Bea..." x-ms-client-request-id="47d59d02-5720-11f0-8839-99c40e872c42" X-ARR-LOG-ID="47d59d02-5720-11f0-8839-99c40e872c42" CLIENT-IP="4.194.122.136:35091" X-SITE-DEPLOYMENT-ID="langchain-rag-bot-20250702123642" WAS-DEFAULT-HOSTNAME="langchain-rag-bot-20250702123642.scm.azurewebsites.net" X-Forwarded-Proto="https" X-AppService-Proto="https" X-Forwarded-TlsVersion="1.3" X-WAWS-Unencoded-URL="/api/deployments/latest" X-Client-IP="4.194.122.136" X-Client-Port="35091" >
  <step title="Cleanup Xml Logs" date="2025-07-02T08:44:55.448" >
    <step title="Cleanup Infos" date="2025-07-02T08:44:55.522" totalFiles="371" totalCleanup="211" /><!-- duration: 20ms -->
  </step><!-- duration: 113ms -->
  <step title="DeploymentService.GetResult" date="2025-07-02T08:44:55.609" >
    <step title="DeploymentService.GetLatestDeployment" date="2025-07-02T08:44:55.631" >
      <step title="DeploymentManager.GetResults" date="2025-07-02T08:44:55.650" /><!-- duration: 730ms -->
    </step><!-- duration: 760ms -->
  </step><!-- duration: 799ms -->
  <step title="Outgoing response" date="2025-07-02T08:44:56.435" type="response" statusCode="202" statusText="Accepted" /><!-- duration: 7ms -->
</step><!-- duration: 1021ms -->
