<step title="Incoming Request" date="2025-07-02T08:49:46.133" instance="978fb3" url="/api/deployments/latest" method="GET" type="request" pid="767,1,3" Accept="*/*" Host="langchain-rag-bot-20250702123642.scm.azurewebsites.net" User-Agent="AZURECLI/2.58.0 (MSI)" Accept-Encoding="gzip, deflate" Authorization="Bea..." x-ms-client-request-id="47d59d02-5720-11f0-8839-99c40e872c42" X-ARR-LOG-ID="47d59d02-5720-11f0-8839-99c40e872c42" CLIENT-IP="4.194.122.162:35981" X-SITE-DEPLOYMENT-ID="langchain-rag-bot-20250702123642" WAS-DEFAULT-HOSTNAME="langchain-rag-bot-20250702123642.scm.azurewebsites.net" X-Forwarded-Proto="https" X-AppService-Proto="https" X-Forwarded-TlsVersion="1.3" X-WAWS-Unencoded-URL="/api/deployments/latest" X-Client-IP="4.194.122.162" X-Client-Port="35981" >
  <step title="Cleanup Xml Logs" date="2025-07-02T08:49:46.142" >
    <step title="Cleanup Infos" date="2025-07-02T08:49:46.197" totalFiles="425" totalCleanup="265" /><!-- duration: 10ms -->
  </step><!-- duration: 73ms -->
  <step title="DeploymentService.GetResult" date="2025-07-02T08:49:46.235" >
    <step title="DeploymentService.GetLatestDeployment" date="2025-07-02T08:49:46.243" >
      <step title="DeploymentManager.GetResults" date="2025-07-02T08:49:46.253" /><!-- duration: 495ms -->
    </step><!-- duration: 514ms -->
  </step><!-- duration: 530ms -->
  <step title="Outgoing response" date="2025-07-02T08:49:46.783" type="response" statusCode="202" statusText="Accepted" /><!-- duration: 9ms -->
</step><!-- duration: 672ms -->
