<step title="Incoming Request" date="2025-07-02T08:42:18.840" instance="978fb3" url="/api/deployments/latest" method="GET" type="request" pid="767,1,15" Accept="*/*" Host="langchain-rag-bot-20250702123642.scm.azurewebsites.net" User-Agent="AZURECLI/2.58.0 (MSI)" Accept-Encoding="gzip, deflate" Authorization="Bea..." x-ms-client-request-id="47d59d02-5720-11f0-8839-99c40e872c42" X-ARR-LOG-ID="47d59d02-5720-11f0-8839-99c40e872c42" CLIENT-IP="4.194.122.136:31562" X-SITE-DEPLOYMENT-ID="langchain-rag-bot-20250702123642" WAS-DEFAULT-HOSTNAME="langchain-rag-bot-20250702123642.scm.azurewebsites.net" X-Forwarded-Proto="https" X-AppService-Proto="https" X-Forwarded-TlsVersion="1.3" X-WAWS-Unencoded-URL="/api/deployments/latest" X-Client-IP="4.194.122.136" X-Client-Port="31562" >
  <step title="Cleanup Xml Logs" date="2025-07-02T08:42:18.875" >
    <step title="Cleanup Infos" date="2025-07-02T08:42:19.043" totalFiles="344" totalCleanup="184" /><!-- duration: 29ms -->
  </step><!-- duration: 253ms -->
  <step title="DeploymentService.GetResult" date="2025-07-02T08:42:19.438" >
    <step title="DeploymentService.GetLatestDeployment" date="2025-07-02T08:42:19.457" >
      <step title="DeploymentManager.GetResults" date="2025-07-02T08:42:19.543" /><!-- duration: 796ms -->
    </step><!-- duration: 967ms -->
  </step><!-- duration: 998ms -->
  <step title="Outgoing response" date="2025-07-02T08:42:20.465" type="response" statusCode="202" statusText="Accepted" /><!-- duration: 17ms -->
</step><!-- duration: 1679ms -->
