<step title="Incoming Request" date="2025-07-02T08:47:47.643" instance="978fb3" url="/api/deployments/latest" method="GET" type="request" pid="767,1,22" Accept="*/*" Host="langchain-rag-bot-20250702123642.scm.azurewebsites.net" User-Agent="AZURECLI/2.58.0 (MSI)" Accept-Encoding="gzip, deflate" Authorization="Bea..." x-ms-client-request-id="47d59d02-5720-11f0-8839-99c40e872c42" X-ARR-LOG-ID="47d59d02-5720-11f0-8839-99c40e872c42" CLIENT-IP="4.194.122.170:47439" X-SITE-DEPLOYMENT-ID="langchain-rag-bot-20250702123642" WAS-DEFAULT-HOSTNAME="langchain-rag-bot-20250702123642.scm.azurewebsites.net" X-Forwarded-Proto="https" X-AppService-Proto="https" X-Forwarded-TlsVersion="1.3" X-WAWS-Unencoded-URL="/api/deployments/latest" X-Client-IP="4.194.122.170" X-Client-Port="47439" >
  <step title="Cleanup Xml Logs" date="2025-07-02T08:47:47.650" >
    <step title="Cleanup Infos" date="2025-07-02T08:47:47.690" totalFiles="403" totalCleanup="243" /><!-- duration: 5ms -->
  </step><!-- duration: 49ms -->
  <step title="DeploymentService.GetResult" date="2025-07-02T08:47:47.780" >
    <step title="DeploymentService.GetLatestDeployment" date="2025-07-02T08:47:47.783" >
      <step title="DeploymentManager.GetResults" date="2025-07-02T08:47:47.793" /><!-- duration: 594ms -->
    </step><!-- duration: 633ms -->
  </step><!-- duration: 645ms -->
  <step title="Outgoing response" date="2025-07-02T08:47:48.439" type="response" statusCode="202" statusText="Accepted" /><!-- duration: 8ms -->
</step><!-- duration: 812ms -->
