<step title="Incoming Request" date="2025-07-02T07:10:29.155" instance="978fb3" url="/api/zipdeploy?isAsync=true" method="POST" type="request" pid="770,1,15" Accept="*/*" Host="langchain-rag-bot-20250702123642.scm.azurewebsites.net" User-Agent="AZURECLI/2.58.0 (MSI)" Accept-Encoding="gzip, deflate" Authorization="Bea..." Cache-Control="no-cache" Content-Type="application/octet-stream" Content-Length="13864" x-ms-client-request-id="52f27d35-5713-11f0-937b-99c40e872c42" X-ARR-LOG-ID="52f27d35-5713-11f0-937b-99c40e872c42" CLIENT-IP="4.194.122.162:36553" X-SITE-DEPLOYMENT-ID="langchain-rag-bot-20250702123642" WAS-DEFAULT-HOSTNAME="langchain-rag-bot-20250702123642.scm.azurewebsites.net" X-Forwarded-Proto="https" X-AppService-Proto="https" X-Forwarded-TlsVersion="1.3" X-WAWS-Unencoded-URL="/api/zipdeploy?isAsync=true" X-Client-IP="4.194.122.162" X-Client-Port="36553" >
  <step title="ZipPushDeploy" date="2025-07-02T07:10:30.152" >
    <step title="ZipDeploy. Extract zip." date="2025-07-02T07:10:30.208" /><!-- duration: 23ms -->
    <step title="None repository commit" date="2025-07-02T07:10:30.269" >
      <step title="Commit id: 9350b684-4d2f-4790-a6da-1947138718df" date="2025-07-02T07:10:30.273" Message="N/A" AuthorName="N/A" AuthorEmail="N/A" /><!-- duration: 7ms -->
    </step><!-- duration: 42ms -->
    <step title="Starting PushDeployAsync" date="2025-07-02T07:10:30.319" /><!-- duration: 4ms -->
    <step title="Writing artifact to /tmp/zipdeploy/0a9cc916-10c7-4a9f-98e5-20dafcc08255.zip" date="2025-07-02T07:10:30.377" >
      <step title="Writing multipart request body to /tmp/zipdeploy/0a9cc916-10c7-4a9f-98e5-20dafcc08255.zip" date="2025-07-02T07:10:30.388" /><!-- duration: 26ms -->
    </step><!-- duration: 126ms -->
    <step title="Start deployment in the background" date="2025-07-02T07:10:30.618" >
      <step title="Acquiring Deployment Lock" date="2025-07-02T07:10:30.669" /><!-- duration: 3ms -->
      <step title="Acquired Deployment Lock" date="2025-07-02T07:10:30.746" /><!-- duration: 4ms -->
    </step><!-- duration: 271ms -->
  </step><!-- duration: 748ms -->
  <step title="Outgoing response" date="2025-07-02T07:10:30.911" type="response" statusCode="202" statusText="Accepted" /><!-- duration: 3ms -->
</step><!-- duration: 1763ms -->
