<step title="Incoming Request" date="2025-07-02T08:50:53.969" instance="978fb3" url="/api/deployments/latest" method="GET" type="request" pid="767,1,22" Accept="*/*" Host="langchain-rag-bot-20250702123642.scm.azurewebsites.net" User-Agent="AZURECLI/2.58.0 (MSI)" Accept-Encoding="gzip, deflate" Authorization="Bea..." x-ms-client-request-id="47d59d02-5720-11f0-8839-99c40e872c42" X-ARR-LOG-ID="47d59d02-5720-11f0-8839-99c40e872c42" CLIENT-IP="4.194.122.162:56451" X-SITE-DEPLOYMENT-ID="langchain-rag-bot-20250702123642" WAS-DEFAULT-HOSTNAME="langchain-rag-bot-20250702123642.scm.azurewebsites.net" X-Forwarded-Proto="https" X-AppService-Proto="https" X-Forwarded-TlsVersion="1.3" X-WAWS-Unencoded-URL="/api/deployments/latest" X-Client-IP="4.194.122.162" X-Client-Port="56451" >
  <step title="Cleanup Xml Logs" date="2025-07-02T08:50:53.988" >
    <step title="Cleanup Infos" date="2025-07-02T08:50:54.123" totalFiles="437" totalCleanup="277" /><!-- duration: 21ms -->
  </step><!-- duration: 175ms -->
  <step title="DeploymentService.GetResult" date="2025-07-02T08:50:54.258" >
    <step title="DeploymentService.GetLatestDeployment" date="2025-07-02T08:50:54.270" >
      <step title="DeploymentManager.GetResults" date="2025-07-02T08:50:54.316" /><!-- duration: 793ms -->
    </step><!-- duration: 859ms -->
  </step><!-- duration: 899ms -->
  <step title="Outgoing response" date="2025-07-02T08:50:55.177" type="response" statusCode="202" statusText="Accepted" /><!-- duration: 29ms -->
</step><!-- duration: 1255ms -->
