<step title="Incoming Request" date="2025-07-02T08:46:52.128" instance="978fb3" url="/api/deployments/latest" method="GET" type="request" pid="767,1,25" Accept="*/*" Host="langchain-rag-bot-20250702123642.scm.azurewebsites.net" User-Agent="AZURECLI/2.58.0 (MSI)" Accept-Encoding="gzip, deflate" Authorization="Bea..." x-ms-client-request-id="47d59d02-5720-11f0-8839-99c40e872c42" X-ARR-LOG-ID="47d59d02-5720-11f0-8839-99c40e872c42" CLIENT-IP="4.194.122.162:27726" X-SITE-DEPLOYMENT-ID="langchain-rag-bot-20250702123642" WAS-DEFAULT-HOSTNAME="langchain-rag-bot-20250702123642.scm.azurewebsites.net" X-Forwarded-Proto="https" X-AppService-Proto="https" X-Forwarded-TlsVersion="1.3" X-WAWS-Unencoded-URL="/api/deployments/latest" X-Client-IP="4.194.122.162" X-Client-Port="27726" >
  <step title="Cleanup Xml Logs" date="2025-07-02T08:46:52.139" >
    <step title="Cleanup Infos" date="2025-07-02T08:46:52.175" totalFiles="393" totalCleanup="233" /><!-- duration: 28ms -->
  </step><!-- duration: 108ms -->
  <step title="DeploymentService.GetResult" date="2025-07-02T08:46:52.290" >
    <step title="DeploymentService.GetLatestDeployment" date="2025-07-02T08:46:52.299" >
      <step title="DeploymentManager.GetResults" date="2025-07-02T08:46:52.309" /><!-- duration: 721ms -->
    </step><!-- duration: 740ms -->
  </step><!-- duration: 757ms -->
  <step title="Outgoing response" date="2025-07-02T08:46:53.063" type="response" statusCode="202" statusText="Accepted" /><!-- duration: 5ms -->
</step><!-- duration: 949ms -->
