<step title="Incoming Request" date="2025-07-02T08:20:06.111" instance="978fb3" url="/api/deployments/latest" method="GET" type="request" pid="772,1,18" Accept="*/*" Host="langchain-rag-bot-20250702123642.scm.azurewebsites.net" User-Agent="AZURECLI/2.58.0 (MSI)" Accept-Encoding="gzip, deflate" Authorization="Bea..." x-ms-client-request-id="da16f1eb-571b-11f0-ba80-99c40e872c42" X-ARR-LOG-ID="da16f1eb-571b-11f0-ba80-99c40e872c42" CLIENT-IP="4.194.122.162:6117" X-SITE-DEPLOYMENT-ID="langchain-rag-bot-20250702123642" WAS-DEFAULT-HOSTNAME="langchain-rag-bot-20250702123642.scm.azurewebsites.net" X-Forwarded-Proto="https" X-AppService-Proto="https" X-Forwarded-TlsVersion="1.3" X-WAWS-Unencoded-URL="/api/deployments/latest" X-Client-IP="4.194.122.162" X-Client-Port="6117" >
  <step title="Cleanup Xml Logs" date="2025-07-02T08:20:06.122" >
    <step title="Cleanup Infos" date="2025-07-02T08:20:06.230" totalFiles="315" totalCleanup="155" /><!-- duration: 18ms -->
  </step><!-- duration: 153ms -->
  <step title="DeploymentService.GetResult" date="2025-07-02T08:20:06.336" >
    <step title="DeploymentService.GetLatestDeployment" date="2025-07-02T08:20:06.392" >
      <step title="DeploymentManager.GetResults" date="2025-07-02T08:20:06.411" /><!-- duration: 758ms -->
    </step><!-- duration: 806ms -->
  </step><!-- duration: 882ms -->
  <step title="Outgoing response" date="2025-07-02T08:20:07.284" type="response" statusCode="202" statusText="Accepted" /><!-- duration: 20ms -->
</step><!-- duration: 1203ms -->
