<step title="Incoming Request" date="2025-07-02T08:17:35.567" instance="978fb3" url="/api/deployments/latest" method="GET" type="request" pid="772,1,22" Accept="*/*" Host="langchain-rag-bot-20250702123642.scm.azurewebsites.net" User-Agent="AZURECLI/2.58.0 (MSI)" Accept-Encoding="gzip, deflate" Authorization="Bea..." x-ms-client-request-id="da16f1eb-571b-11f0-ba80-99c40e872c42" X-ARR-LOG-ID="da16f1eb-571b-11f0-ba80-99c40e872c42" CLIENT-IP="4.194.122.170:48655" X-SITE-DEPLOYMENT-ID="langchain-rag-bot-20250702123642" WAS-DEFAULT-HOSTNAME="langchain-rag-bot-20250702123642.scm.azurewebsites.net" X-Forwarded-Proto="https" X-AppService-Proto="https" X-Forwarded-TlsVersion="1.3" X-WAWS-Unencoded-URL="/api/deployments/latest" X-Client-IP="4.194.122.170" X-Client-Port="48655" >
  <step title="Cleanup Xml Logs" date="2025-07-02T08:17:35.606" >
    <step title="Cleanup Infos" date="2025-07-02T08:17:35.695" totalFiles="289" totalCleanup="129" /><!-- duration: 19ms -->
  </step><!-- duration: 141ms -->
  <step title="DeploymentService.GetResult" date="2025-07-02T08:17:35.830" >
    <step title="DeploymentService.GetLatestDeployment" date="2025-07-02T08:17:35.850" >
      <step title="DeploymentManager.GetResults" date="2025-07-02T08:17:35.879" /><!-- duration: 991ms -->
    </step><!-- duration: 1064ms -->
  </step><!-- duration: 1103ms -->
  <step title="Outgoing response" date="2025-07-02T08:17:36.981" type="response" statusCode="202" statusText="Accepted" /><!-- duration: 88ms -->
</step><!-- duration: 1514ms -->
