<step title="Incoming Request" date="2025-07-02T08:12:03.037" instance="978fb3" url="/api/deployments/latest" method="GET" type="request" pid="772,1,31" Accept="*/*" Host="langchain-rag-bot-20250702123642.scm.azurewebsites.net" User-Agent="AZURECLI/2.58.0 (MSI)" Accept-Encoding="gzip, deflate" Authorization="Bea..." x-ms-client-request-id="da16f1eb-571b-11f0-ba80-99c40e872c42" X-ARR-LOG-ID="da16f1eb-571b-11f0-ba80-99c40e872c42" CLIENT-IP="4.194.122.136:14865" X-SITE-DEPLOYMENT-ID="langchain-rag-bot-20250702123642" WAS-DEFAULT-HOSTNAME="langchain-rag-bot-20250702123642.scm.azurewebsites.net" X-Forwarded-Proto="https" X-AppService-Proto="https" X-Forwarded-TlsVersion="1.3" X-WAWS-Unencoded-URL="/api/deployments/latest" X-Client-IP="4.194.122.136" X-Client-Port="14865" >
  <step title="Cleanup Xml Logs" date="2025-07-02T08:12:03.067" >
    <step title="Cleanup Infos" date="2025-07-02T08:12:03.188" totalFiles="225" totalCleanup="65" /><!-- duration: 10ms -->
  </step><!-- duration: 142ms -->
  <step title="DeploymentService.GetResult" date="2025-07-02T08:12:03.276" >
    <step title="DeploymentService.GetLatestDeployment" date="2025-07-02T08:12:03.279" >
      <step title="DeploymentManager.GetResults" date="2025-07-02T08:12:03.299" /><!-- duration: 786ms -->
    </step><!-- duration: 930ms -->
  </step><!-- duration: 971ms -->
  <step title="Outgoing response" date="2025-07-02T08:12:04.303" type="response" statusCode="202" statusText="Accepted" /><!-- duration: 30ms -->
</step><!-- duration: 1305ms -->
