<step title="Incoming Request" date="2025-07-02T08:49:19.703" instance="978fb3" url="/api/deployments/latest" method="GET" type="request" pid="767,1,22" Accept="*/*" Host="langchain-rag-bot-20250702123642.scm.azurewebsites.net" User-Agent="AZURECLI/2.58.0 (MSI)" Accept-Encoding="gzip, deflate" Authorization="Bea..." x-ms-client-request-id="47d59d02-5720-11f0-8839-99c40e872c42" X-ARR-LOG-ID="47d59d02-5720-11f0-8839-99c40e872c42" CLIENT-IP="4.194.122.144:38934" X-SITE-DEPLOYMENT-ID="langchain-rag-bot-20250702123642" WAS-DEFAULT-HOSTNAME="langchain-rag-bot-20250702123642.scm.azurewebsites.net" X-Forwarded-Proto="https" X-AppService-Proto="https" X-Forwarded-TlsVersion="1.3" X-WAWS-Unencoded-URL="/api/deployments/latest" X-Client-IP="4.194.122.144" X-Client-Port="38934" >
  <step title="Cleanup Xml Logs" date="2025-07-02T08:49:19.713" >
    <step title="Cleanup Infos" date="2025-07-02T08:49:19.763" totalFiles="420" totalCleanup="260" /><!-- duration: 9ms -->
  </step><!-- duration: 67ms -->
  <step title="DeploymentService.GetResult" date="2025-07-02T08:49:19.849" >
    <step title="DeploymentService.GetLatestDeployment" date="2025-07-02T08:49:19.866" >
      <step title="DeploymentManager.GetResults" date="2025-07-02T08:49:19.885" /><!-- duration: 511ms -->
    </step><!-- duration: 541ms -->
  </step><!-- duration: 567ms -->
  <step title="Outgoing response" date="2025-07-02T08:49:20.436" type="response" statusCode="202" statusText="Accepted" /><!-- duration: 11ms -->
</step><!-- duration: 752ms -->
