<step title="Incoming Request" date="2025-07-02T08:53:56.056" instance="978fb3" url="/api/deployments/latest" method="GET" type="request" pid="767,1,18" Accept="*/*" Host="langchain-rag-bot-20250702123642.scm.azurewebsites.net" User-Agent="AZURECLI/2.58.0 (MSI)" Accept-Encoding="gzip, deflate" Authorization="Bea..." x-ms-client-request-id="47d59d02-5720-11f0-8839-99c40e872c42" X-ARR-LOG-ID="47d59d02-5720-11f0-8839-99c40e872c42" CLIENT-IP="4.194.122.144:4435" X-SITE-DEPLOYMENT-ID="langchain-rag-bot-20250702123642" WAS-DEFAULT-HOSTNAME="langchain-rag-bot-20250702123642.scm.azurewebsites.net" X-Forwarded-Proto="https" X-AppService-Proto="https" X-Forwarded-TlsVersion="1.3" X-WAWS-Unencoded-URL="/api/deployments/latest" X-Client-IP="4.194.122.144" X-Client-Port="4435" >
  <step title="Cleanup Xml Logs" date="2025-07-02T08:53:56.066" >
    <step title="Cleanup Infos" date="2025-07-02T08:53:56.116" totalFiles="472" totalCleanup="312" /><!-- duration: 8ms -->
  </step><!-- duration: 67ms -->
  <step title="DeploymentService.GetResult" date="2025-07-02T08:53:56.163" >
    <step title="DeploymentService.GetLatestDeployment" date="2025-07-02T08:53:56.166" >
      <step title="DeploymentManager.GetResults" date="2025-07-02T08:53:56.183" /><!-- duration: 517ms -->
    </step><!-- duration: 542ms -->
  </step><!-- duration: 555ms -->
  <step title="Outgoing response" date="2025-07-02T08:53:56.729" type="response" statusCode="202" statusText="Accepted" /><!-- duration: 16ms -->
</step><!-- duration: 699ms -->
