<step title="Incoming Request" date="2025-07-02T08:49:14.228" instance="978fb3" url="/api/deployments/latest" method="GET" type="request" pid="767,1,22" Accept="*/*" Host="langchain-rag-bot-20250702123642.scm.azurewebsites.net" User-Agent="AZURECLI/2.58.0 (MSI)" Accept-Encoding="gzip, deflate" Authorization="Bea..." x-ms-client-request-id="47d59d02-5720-11f0-8839-99c40e872c42" X-ARR-LOG-ID="47d59d02-5720-11f0-8839-99c40e872c42" CLIENT-IP="4.194.122.136:35072" X-SITE-DEPLOYMENT-ID="langchain-rag-bot-20250702123642" WAS-DEFAULT-HOSTNAME="langchain-rag-bot-20250702123642.scm.azurewebsites.net" X-Forwarded-Proto="https" X-AppService-Proto="https" X-Forwarded-TlsVersion="1.3" X-WAWS-Unencoded-URL="/api/deployments/latest" X-Client-IP="4.194.122.136" X-Client-Port="35072" >
  <step title="Cleanup Xml Logs" date="2025-07-02T08:49:14.240" >
    <step title="Cleanup Infos" date="2025-07-02T08:49:14.276" totalFiles="419" totalCleanup="259" /><!-- duration: 18ms -->
  </step><!-- duration: 63ms -->
  <step title="DeploymentService.GetResult" date="2025-07-02T08:49:14.338" >
    <step title="DeploymentService.GetLatestDeployment" date="2025-07-02T08:49:14.341" >
      <step title="DeploymentManager.GetResults" date="2025-07-02T08:49:14.350" /><!-- duration: 606ms -->
    </step><!-- duration: 623ms -->
  </step><!-- duration: 629ms -->
  <step title="Outgoing response" date="2025-07-02T08:49:14.993" type="response" statusCode="202" statusText="Accepted" /><!-- duration: 9ms -->
</step><!-- duration: 788ms -->
