<step title="Incoming Request" date="2025-07-02T08:43:49.963" instance="978fb3" url="/api/deployments/latest" method="GET" type="request" pid="767,1,19" Accept="*/*" Host="langchain-rag-bot-20250702123642.scm.azurewebsites.net" User-Agent="AZURECLI/2.58.0 (MSI)" Accept-Encoding="gzip, deflate" Authorization="Bea..." x-ms-client-request-id="47d59d02-5720-11f0-8839-99c40e872c42" X-ARR-LOG-ID="47d59d02-5720-11f0-8839-99c40e872c42" CLIENT-IP="4.194.122.162:27734" X-SITE-DEPLOYMENT-ID="langchain-rag-bot-20250702123642" WAS-DEFAULT-HOSTNAME="langchain-rag-bot-20250702123642.scm.azurewebsites.net" X-Forwarded-Proto="https" X-AppService-Proto="https" X-Forwarded-TlsVersion="1.3" X-WAWS-Unencoded-URL="/api/deployments/latest" X-Client-IP="4.194.122.162" X-Client-Port="27734" >
  <step title="Cleanup Xml Logs" date="2025-07-02T08:43:49.995" >
    <step title="Cleanup Infos" date="2025-07-02T08:43:50.304" totalFiles="359" totalCleanup="199" /><!-- duration: 78ms -->
  </step><!-- duration: 415ms -->
  <step title="DeploymentService.GetResult" date="2025-07-02T08:43:50.561" >
    <step title="DeploymentService.GetLatestDeployment" date="2025-07-02T08:43:50.564" >
      <step title="DeploymentManager.GetResults" date="2025-07-02T08:43:50.630" /><!-- duration: 1784ms -->
    </step><!-- duration: 2095ms -->
  </step><!-- duration: 2124ms -->
  <step title="Outgoing response" date="2025-07-02T08:43:52.842" type="response" statusCode="202" statusText="Accepted" /><!-- duration: 67ms -->
</step><!-- duration: 2974ms -->
