<step title="Incoming Request" date="2025-07-02T08:42:25.599" instance="978fb3" url="/api/deployments/latest" method="GET" type="request" pid="767,1,15" Accept="*/*" Host="langchain-rag-bot-20250702123642.scm.azurewebsites.net" User-Agent="AZURECLI/2.58.0 (MSI)" Accept-Encoding="gzip, deflate" Authorization="Bea..." x-ms-client-request-id="47d59d02-5720-11f0-8839-99c40e872c42" X-ARR-LOG-ID="47d59d02-5720-11f0-8839-99c40e872c42" CLIENT-IP="4.194.122.144:4450" X-SITE-DEPLOYMENT-ID="langchain-rag-bot-20250702123642" WAS-DEFAULT-HOSTNAME="langchain-rag-bot-20250702123642.scm.azurewebsites.net" X-Forwarded-Proto="https" X-AppService-Proto="https" X-Forwarded-TlsVersion="1.3" X-WAWS-Unencoded-URL="/api/deployments/latest" X-Client-IP="4.194.122.144" X-Client-Port="4450" >
  <step title="Cleanup Xml Logs" date="2025-07-02T08:42:25.616" >
    <step title="Cleanup Infos" date="2025-07-02T08:42:25.665" totalFiles="345" totalCleanup="185" /><!-- duration: 10ms -->
  </step><!-- duration: 68ms -->
  <step title="DeploymentService.GetResult" date="2025-07-02T08:42:25.835" >
    <step title="DeploymentService.GetLatestDeployment" date="2025-07-02T08:42:25.846" >
      <step title="DeploymentManager.GetResults" date="2025-07-02T08:42:25.856" /><!-- duration: 2534ms -->
    </step><!-- duration: 2624ms -->
  </step><!-- duration: 2719ms -->
  <step title="Outgoing response" date="2025-07-02T08:42:28.622" type="response" statusCode="202" statusText="Accepted" /><!-- duration: 38ms -->
</step><!-- duration: 3072ms -->
