<step title="Incoming Request" date="2025-07-02T08:13:16.309" instance="978fb3" url="/api/deployments/latest" method="GET" type="request" pid="772,1,29" Accept="*/*" Host="langchain-rag-bot-20250702123642.scm.azurewebsites.net" User-Agent="AZURECLI/2.58.0 (MSI)" Accept-Encoding="gzip, deflate" Authorization="Bea..." x-ms-client-request-id="da16f1eb-571b-11f0-ba80-99c40e872c42" X-ARR-LOG-ID="da16f1eb-571b-11f0-ba80-99c40e872c42" CLIENT-IP="4.194.122.170:48768" X-SITE-DEPLOYMENT-ID="langchain-rag-bot-20250702123642" WAS-DEFAULT-HOSTNAME="langchain-rag-bot-20250702123642.scm.azurewebsites.net" X-Forwarded-Proto="https" X-AppService-Proto="https" X-Forwarded-TlsVersion="1.3" X-WAWS-Unencoded-URL="/api/deployments/latest" X-Client-IP="4.194.122.170" X-Client-Port="48768" >
  <step title="Cleanup Xml Logs" date="2025-07-02T08:13:16.319" >
    <step title="Cleanup Infos" date="2025-07-02T08:13:16.361" totalFiles="239" totalCleanup="79" /><!-- duration: 10ms -->
  </step><!-- duration: 68ms -->
  <step title="DeploymentService.GetResult" date="2025-07-02T08:13:16.410" >
    <step title="DeploymentService.GetLatestDeployment" date="2025-07-02T08:13:16.418" >
      <step title="DeploymentManager.GetResults" date="2025-07-02T08:13:16.429" /><!-- duration: 518ms -->
    </step><!-- duration: 546ms -->
  </step><!-- duration: 566ms -->
  <step title="Outgoing response" date="2025-07-02T08:13:16.996" type="response" statusCode="202" statusText="Accepted" /><!-- duration: 17ms -->
</step><!-- duration: 715ms -->
