<step title="Incoming Request" date="2025-07-02T08:17:48.637" instance="978fb3" url="/api/deployments/latest" method="GET" type="request" pid="772,1,22" Accept="*/*" Host="langchain-rag-bot-20250702123642.scm.azurewebsites.net" User-Agent="AZURECLI/2.58.0 (MSI)" Accept-Encoding="gzip, deflate" Authorization="Bea..." x-ms-client-request-id="da16f1eb-571b-11f0-ba80-99c40e872c42" X-ARR-LOG-ID="da16f1eb-571b-11f0-ba80-99c40e872c42" CLIENT-IP="4.194.122.136:14116" X-SITE-DEPLOYMENT-ID="langchain-rag-bot-20250702123642" WAS-DEFAULT-HOSTNAME="langchain-rag-bot-20250702123642.scm.azurewebsites.net" X-Forwarded-Proto="https" X-AppService-Proto="https" X-Forwarded-TlsVersion="1.3" X-WAWS-Unencoded-URL="/api/deployments/latest" X-Client-IP="4.194.122.136" X-Client-Port="14116" >
  <step title="Cleanup Xml Logs" date="2025-07-02T08:17:48.650" >
    <step title="Cleanup Infos" date="2025-07-02T08:17:48.705" totalFiles="291" totalCleanup="131" /><!-- duration: 13ms -->
  </step><!-- duration: 107ms -->
  <step title="DeploymentService.GetResult" date="2025-07-02T08:17:48.794" >
    <step title="DeploymentService.GetLatestDeployment" date="2025-07-02T08:17:48.805" >
      <step title="DeploymentManager.GetResults" date="2025-07-02T08:17:48.821" /><!-- duration: 1475ms -->
    </step><!-- duration: 1537ms -->
  </step><!-- duration: 1562ms -->
  <step title="Outgoing response" date="2025-07-02T08:17:50.491" type="response" statusCode="202" statusText="Accepted" /><!-- duration: 31ms -->
</step><!-- duration: 1941ms -->
