<step title="Incoming Request" date="2025-07-02T08:17:24.049" instance="978fb3" url="/api/deployments/latest" method="GET" type="request" pid="772,1,31" Accept="*/*" Host="langchain-rag-bot-20250702123642.scm.azurewebsites.net" User-Agent="AZURECLI/2.58.0 (MSI)" Accept-Encoding="gzip, deflate" Authorization="Bea..." x-ms-client-request-id="da16f1eb-571b-11f0-ba80-99c40e872c42" X-ARR-LOG-ID="da16f1eb-571b-11f0-ba80-99c40e872c42" CLIENT-IP="4.194.122.136:13200" X-SITE-DEPLOYMENT-ID="langchain-rag-bot-20250702123642" WAS-DEFAULT-HOSTNAME="langchain-rag-bot-20250702123642.scm.azurewebsites.net" X-Forwarded-Proto="https" X-AppService-Proto="https" X-Forwarded-TlsVersion="1.3" X-WAWS-Unencoded-URL="/api/deployments/latest" X-Client-IP="4.194.122.136" X-Client-Port="13200" >
  <step title="Cleanup Xml Logs" date="2025-07-02T08:17:24.061" >
    <step title="Cleanup Infos" date="2025-07-02T08:17:24.154" totalFiles="287" totalCleanup="127" /><!-- duration: 48ms -->
  </step><!-- duration: 153ms -->
  <step title="DeploymentService.GetResult" date="2025-07-02T08:17:24.290" >
    <step title="DeploymentService.GetLatestDeployment" date="2025-07-02T08:17:24.330" >
      <step title="DeploymentManager.GetResults" date="2025-07-02T08:17:24.357" /><!-- duration: 752ms -->
    </step><!-- duration: 834ms -->
  </step><!-- duration: 900ms -->
  <step title="Outgoing response" date="2025-07-02T08:17:25.239" type="response" statusCode="202" statusText="Accepted" /><!-- duration: 12ms -->
</step><!-- duration: 1221ms -->
