﻿<?xml version="1.0" encoding="utf-8"?>
<deployment>
  <id>9350b684-4d2f-4790-a6da-1947138718df</id>
  <author>N/A</author>
  <deployer>Push-Deployer</deployer>
  <authorEmail>N/A</authorEmail>
  <message>Created via a push deployment</message>
  <progress></progress>
  <status>Success</status>
  <statusText></statusText>
  <lastSuccessEndTime>2025-07-02T07:10:47.133349Z</lastSuccessEndTime>
  <receivedTime>2025-07-02T07:10:34.8760625Z</receivedTime>
  <startTime>2025-07-02T07:10:36.5758467Z</startTime>
  <endTime>2025-07-02T07:10:47.133349Z</endTime>
  <complete>True</complete>
  <is_temp>False</is_temp>
  <is_readonly>True</is_readonly>
  <buildSummary />
</deployment>