﻿<?xml version="1.0" encoding="utf-8"?>
<deployment>
  <id>db256359-7fd1-46c8-a608-806ce715a142</id>
  <author>N/A</author>
  <deployer>Push-Deployer</deployer>
  <authorEmail>N/A</authorEmail>
  <message>Created via a push deployment</message>
  <progress></progress>
  <status>Success</status>
  <statusText></statusText>
  <lastSuccessEndTime>2025-07-02T10:01:46.5285653Z</lastSuccessEndTime>
  <receivedTime>2025-07-02T10:00:37.0484918Z</receivedTime>
  <startTime>2025-07-02T10:00:38.5479349Z</startTime>
  <endTime>2025-07-02T10:01:46.5285653Z</endTime>
  <complete>True</complete>
  <is_temp>False</is_temp>
  <is_readonly>True</is_readonly>
  <buildSummary />
</deployment>