<step title="Incoming Request" date="2025-07-02T08:47:25.506" instance="978fb3" url="/api/deployments/latest" method="GET" type="request" pid="767,1,22" Accept="*/*" Host="langchain-rag-bot-20250702123642.scm.azurewebsites.net" User-Agent="AZURECLI/2.58.0 (MSI)" Accept-Encoding="gzip, deflate" Authorization="Bea..." x-ms-client-request-id="47d59d02-5720-11f0-8839-99c40e872c42" X-ARR-LOG-ID="47d59d02-5720-11f0-8839-99c40e872c42" CLIENT-IP="4.194.122.136:31565" X-SITE-DEPLOYMENT-ID="langchain-rag-bot-20250702123642" WAS-DEFAULT-HOSTNAME="langchain-rag-bot-20250702123642.scm.azurewebsites.net" X-Forwarded-Proto="https" X-AppService-Proto="https" X-Forwarded-TlsVersion="1.3" X-WAWS-Unencoded-URL="/api/deployments/latest" X-Client-IP="4.194.122.136" X-Client-Port="31565" >
  <step title="Cleanup Xml Logs" date="2025-07-02T08:47:25.555" >
    <step title="Cleanup Infos" date="2025-07-02T08:47:25.622" totalFiles="399" totalCleanup="239" /><!-- duration: 13ms -->
  </step><!-- duration: 91ms -->
  <step title="DeploymentService.GetResult" date="2025-07-02T08:47:25.708" >
    <step title="DeploymentService.GetLatestDeployment" date="2025-07-02T08:47:25.719" >
      <step title="DeploymentManager.GetResults" date="2025-07-02T08:47:25.731" /><!-- duration: 1239ms -->
    </step><!-- duration: 1320ms -->
  </step><!-- duration: 1340ms -->
  <step title="Outgoing response" date="2025-07-02T08:47:27.079" type="response" statusCode="202" statusText="Accepted" /><!-- duration: 64ms -->
</step><!-- duration: 1665ms -->
