<step title="Incoming Request" date="2025-07-02T08:42:34.051" instance="978fb3" url="/api/deployments/latest" method="GET" type="request" pid="767,1,15" Accept="*/*" Host="langchain-rag-bot-20250702123642.scm.azurewebsites.net" User-Agent="AZURECLI/2.58.0 (MSI)" Accept-Encoding="gzip, deflate" Authorization="Bea..." x-ms-client-request-id="47d59d02-5720-11f0-8839-99c40e872c42" X-ARR-LOG-ID="47d59d02-5720-11f0-8839-99c40e872c42" CLIENT-IP="4.194.122.136:52381" X-SITE-DEPLOYMENT-ID="langchain-rag-bot-20250702123642" WAS-DEFAULT-HOSTNAME="langchain-rag-bot-20250702123642.scm.azurewebsites.net" X-Forwarded-Proto="https" X-AppService-Proto="https" X-Forwarded-TlsVersion="1.3" X-WAWS-Unencoded-URL="/api/deployments/latest" X-Client-IP="4.194.122.136" X-Client-Port="52381" >
  <step title="Cleanup Xml Logs" date="2025-07-02T08:42:34.135" >
    <step title="Cleanup Infos" date="2025-07-02T08:42:34.221" totalFiles="346" totalCleanup="186" /><!-- duration: 10ms -->
  </step><!-- duration: 123ms -->
  <step title="DeploymentService.GetResult" date="2025-07-02T08:42:34.385" >
    <step title="DeploymentService.GetLatestDeployment" date="2025-07-02T08:42:34.404" >
      <step title="DeploymentManager.GetResults" date="2025-07-02T08:42:34.459" /><!-- duration: 1235ms -->
    </step><!-- duration: 1320ms -->
  </step><!-- duration: 1356ms -->
  <step title="Outgoing response" date="2025-07-02T08:42:35.769" type="response" statusCode="202" statusText="Accepted" /><!-- duration: 40ms -->
</step><!-- duration: 1768ms -->
