<step title="Incoming Request" date="2025-07-02T08:18:01.568" instance="978fb3" url="/api/deployments/latest" method="GET" type="request" pid="772,1,18" Accept="*/*" Host="langchain-rag-bot-20250702123642.scm.azurewebsites.net" User-Agent="AZURECLI/2.58.0 (MSI)" Accept-Encoding="gzip, deflate" Authorization="Bea..." x-ms-client-request-id="da16f1eb-571b-11f0-ba80-99c40e872c42" X-ARR-LOG-ID="da16f1eb-571b-11f0-ba80-99c40e872c42" CLIENT-IP="4.194.122.136:35080" X-SITE-DEPLOYMENT-ID="langchain-rag-bot-20250702123642" WAS-DEFAULT-HOSTNAME="langchain-rag-bot-20250702123642.scm.azurewebsites.net" X-Forwarded-Proto="https" X-AppService-Proto="https" X-Forwarded-TlsVersion="1.3" X-WAWS-Unencoded-URL="/api/deployments/latest" X-Client-IP="4.194.122.136" X-Client-Port="35080" >
  <step title="Cleanup Xml Logs" date="2025-07-02T08:18:01.653" >
    <step title="Cleanup Infos" date="2025-07-02T08:18:01.817" totalFiles="293" totalCleanup="133" /><!-- duration: 13ms -->
  </step><!-- duration: 194ms -->
  <step title="DeploymentService.GetResult" date="2025-07-02T08:18:01.915" >
    <step title="DeploymentService.GetLatestDeployment" date="2025-07-02T08:18:01.943" >
      <step title="DeploymentManager.GetResults" date="2025-07-02T08:18:01.963" /><!-- duration: 793ms -->
    </step><!-- duration: 851ms -->
  </step><!-- duration: 898ms -->
  <step title="Outgoing response" date="2025-07-02T08:18:02.833" type="response" statusCode="202" statusText="Accepted" /><!-- duration: 57ms -->
</step><!-- duration: 1343ms -->
