<step title="Incoming Request" date="2025-07-02T09:00:47.994" instance="978fb3" url="/api/deployments/latest" method="GET" type="request" pid="767,1,23" Accept="*/*" Host="langchain-rag-bot-20250702123642.scm.azurewebsites.net" User-Agent="AZURECLI/2.58.0 (MSI)" Accept-Encoding="gzip, deflate" Authorization="Bea..." x-ms-client-request-id="e7913544-5722-11f0-95b7-99c40e872c42" X-ARR-LOG-ID="e7913544-5722-11f0-95b7-99c40e872c42" CLIENT-IP="4.194.122.136:14089" X-SITE-DEPLOYMENT-ID="langchain-rag-bot-20250702123642" WAS-DEFAULT-HOSTNAME="langchain-rag-bot-20250702123642.scm.azurewebsites.net" X-Forwarded-Proto="https" X-AppService-Proto="https" X-Forwarded-TlsVersion="1.3" X-WAWS-Unencoded-URL="/api/deployments/latest" X-Client-IP="4.194.122.136" X-Client-Port="14089" >
  <step title="Cleanup Xml Logs" date="2025-07-02T09:00:48.188" >
    <step title="Cleanup Infos" date="2025-07-02T09:00:48.301" totalFiles="488" totalCleanup="328" /><!-- duration: 10ms -->
  </step><!-- duration: 144ms -->
  <step title="DeploymentService.GetResult" date="2025-07-02T09:00:48.370" >
    <step title="DeploymentService.GetLatestDeployment" date="2025-07-02T09:00:48.379" >
      <step title="DeploymentManager.GetResults" date="2025-07-02T09:00:48.389" /><!-- duration: 972ms -->
    </step><!-- duration: 1004ms -->
  </step><!-- duration: 1041ms -->
  <step title="Outgoing response" date="2025-07-02T09:00:49.439" type="response" statusCode="202" statusText="Accepted" /><!-- duration: 20ms -->
</step><!-- duration: 1474ms -->
