<step title="Incoming Request" date="2025-07-02T08:15:48.746" instance="978fb3" url="/api/deployments/latest" method="GET" type="request" pid="772,1,31" Accept="*/*" Host="langchain-rag-bot-20250702123642.scm.azurewebsites.net" User-Agent="AZURECLI/2.58.0 (MSI)" Accept-Encoding="gzip, deflate" Authorization="Bea..." x-ms-client-request-id="da16f1eb-571b-11f0-ba80-99c40e872c42" X-ARR-LOG-ID="da16f1eb-571b-11f0-ba80-99c40e872c42" CLIENT-IP="4.194.122.162:6084" X-SITE-DEPLOYMENT-ID="langchain-rag-bot-20250702123642" WAS-DEFAULT-HOSTNAME="langchain-rag-bot-20250702123642.scm.azurewebsites.net" X-Forwarded-Proto="https" X-AppService-Proto="https" X-Forwarded-TlsVersion="1.3" X-WAWS-Unencoded-URL="/api/deployments/latest" X-Client-IP="4.194.122.162" X-Client-Port="6084" >
  <step title="Cleanup Xml Logs" date="2025-07-02T08:15:48.786" >
    <step title="Cleanup Infos" date="2025-07-02T08:15:48.843" totalFiles="269" totalCleanup="109" /><!-- duration: 18ms -->
  </step><!-- duration: 86ms -->
  <step title="DeploymentService.GetResult" date="2025-07-02T08:15:48.899" >
    <step title="DeploymentService.GetLatestDeployment" date="2025-07-02T08:15:48.903" >
      <step title="DeploymentManager.GetResults" date="2025-07-02T08:15:48.927" /><!-- duration: 508ms -->
    </step><!-- duration: 552ms -->
  </step><!-- duration: 572ms -->
  <step title="Outgoing response" date="2025-07-02T08:15:49.491" type="response" statusCode="202" statusText="Accepted" /><!-- duration: 4ms -->
</step><!-- duration: 758ms -->
