<step title="Incoming Request" date="2025-07-02T08:47:31.606" instance="978fb3" url="/api/deployments/latest" method="GET" type="request" pid="767,1,25" Accept="*/*" Host="langchain-rag-bot-20250702123642.scm.azurewebsites.net" User-Agent="AZURECLI/2.58.0 (MSI)" Accept-Encoding="gzip, deflate" Authorization="Bea..." x-ms-client-request-id="47d59d02-5720-11f0-8839-99c40e872c42" X-ARR-LOG-ID="47d59d02-5720-11f0-8839-99c40e872c42" CLIENT-IP="4.194.122.170:48992" X-SITE-DEPLOYMENT-ID="langchain-rag-bot-20250702123642" WAS-DEFAULT-HOSTNAME="langchain-rag-bot-20250702123642.scm.azurewebsites.net" X-Forwarded-Proto="https" X-AppService-Proto="https" X-Forwarded-TlsVersion="1.3" X-WAWS-Unencoded-URL="/api/deployments/latest" X-Client-IP="4.194.122.170" X-Client-Port="48992" >
  <step title="Cleanup Xml Logs" date="2025-07-02T08:47:31.670" >
    <step title="Cleanup Infos" date="2025-07-02T08:47:31.750" totalFiles="400" totalCleanup="240" /><!-- duration: 55ms -->
  </step><!-- duration: 173ms -->
  <step title="DeploymentService.GetResult" date="2025-07-02T08:47:31.903" >
    <step title="DeploymentService.GetLatestDeployment" date="2025-07-02T08:47:31.906" >
      <step title="DeploymentManager.GetResults" date="2025-07-02T08:47:31.924" /><!-- duration: 970ms -->
    </step><!-- duration: 1037ms -->
  </step><!-- duration: 1098ms -->
  <step title="Outgoing response" date="2025-07-02T08:47:33.032" type="response" statusCode="202" statusText="Accepted" /><!-- duration: 49ms -->
</step><!-- duration: 1492ms -->
