<step title="Incoming Request" date="2025-07-02T08:12:40.443" instance="978fb3" url="/api/deployments/latest" method="GET" type="request" pid="772,1,31" Accept="*/*" Host="langchain-rag-bot-20250702123642.scm.azurewebsites.net" User-Agent="AZURECLI/2.58.0 (MSI)" Accept-Encoding="gzip, deflate" Authorization="Bea..." x-ms-client-request-id="da16f1eb-571b-11f0-ba80-99c40e872c42" X-ARR-LOG-ID="da16f1eb-571b-11f0-ba80-99c40e872c42" CLIENT-IP="4.194.122.136:19013" X-SITE-DEPLOYMENT-ID="langchain-rag-bot-20250702123642" WAS-DEFAULT-HOSTNAME="langchain-rag-bot-20250702123642.scm.azurewebsites.net" X-Forwarded-Proto="https" X-AppService-Proto="https" X-Forwarded-TlsVersion="1.3" X-WAWS-Unencoded-URL="/api/deployments/latest" X-Client-IP="4.194.122.136" X-Client-Port="19013" >
  <step title="Cleanup Xml Logs" date="2025-07-02T08:12:40.455" >
    <step title="Cleanup Infos" date="2025-07-02T08:12:40.511" totalFiles="232" totalCleanup="72" /><!-- duration: 10ms -->
  </step><!-- duration: 75ms -->
  <step title="DeploymentService.GetResult" date="2025-07-02T08:12:40.555" >
    <step title="DeploymentService.GetLatestDeployment" date="2025-07-02T08:12:40.561" >
      <step title="DeploymentManager.GetResults" date="2025-07-02T08:12:40.571" /><!-- duration: 436ms -->
    </step><!-- duration: 451ms -->
  </step><!-- duration: 461ms -->
  <step title="Outgoing response" date="2025-07-02T08:12:41.025" type="response" statusCode="202" statusText="Accepted" /><!-- duration: 9ms -->
</step><!-- duration: 600ms -->
