<step title="Incoming Request" date="2025-07-02T08:47:02.287" instance="978fb3" url="/api/deployments/latest" method="GET" type="request" pid="767,1,22" Accept="*/*" Host="langchain-rag-bot-20250702123642.scm.azurewebsites.net" User-Agent="AZURECLI/2.58.0 (MSI)" Accept-Encoding="gzip, deflate" Authorization="Bea..." x-ms-client-request-id="47d59d02-5720-11f0-8839-99c40e872c42" X-ARR-LOG-ID="47d59d02-5720-11f0-8839-99c40e872c42" CLIENT-IP="4.194.122.136:19727" X-SITE-DEPLOYMENT-ID="langchain-rag-bot-20250702123642" WAS-DEFAULT-HOSTNAME="langchain-rag-bot-20250702123642.scm.azurewebsites.net" X-Forwarded-Proto="https" X-AppService-Proto="https" X-Forwarded-TlsVersion="1.3" X-WAWS-Unencoded-URL="/api/deployments/latest" X-Client-IP="4.194.122.136" X-Client-Port="19727" >
  <step title="Cleanup Xml Logs" date="2025-07-02T08:47:02.297" >
    <step title="Cleanup Infos" date="2025-07-02T08:47:02.476" totalFiles="395" totalCleanup="235" /><!-- duration: 13ms -->
  </step><!-- duration: 240ms -->
  <step title="DeploymentService.GetResult" date="2025-07-02T08:47:02.652" >
    <step title="DeploymentService.GetLatestDeployment" date="2025-07-02T08:47:02.699" >
      <step title="DeploymentManager.GetResults" date="2025-07-02T08:47:02.725" /><!-- duration: 922ms -->
    </step><!-- duration: 967ms -->
  </step><!-- duration: 1034ms -->
  <step title="Outgoing response" date="2025-07-02T08:47:03.705" type="response" statusCode="202" statusText="Accepted" /><!-- duration: 10ms -->
</step><!-- duration: 1439ms -->
