<step title="Incoming Request" date="2025-07-02T08:50:42.978" instance="978fb3" url="/api/deployments/latest" method="GET" type="request" pid="767,1,15" Accept="*/*" Host="langchain-rag-bot-20250702123642.scm.azurewebsites.net" User-Agent="AZURECLI/2.58.0 (MSI)" Accept-Encoding="gzip, deflate" Authorization="Bea..." x-ms-client-request-id="47d59d02-5720-11f0-8839-99c40e872c42" X-ARR-LOG-ID="47d59d02-5720-11f0-8839-99c40e872c42" CLIENT-IP="4.194.122.170:10662" X-SITE-DEPLOYMENT-ID="langchain-rag-bot-20250702123642" WAS-DEFAULT-HOSTNAME="langchain-rag-bot-20250702123642.scm.azurewebsites.net" X-Forwarded-Proto="https" X-AppService-Proto="https" X-Forwarded-TlsVersion="1.3" X-WAWS-Unencoded-URL="/api/deployments/latest" X-Client-IP="4.194.122.170" X-Client-Port="10662" >
  <step title="Cleanup Xml Logs" date="2025-07-02T08:50:43.059" >
    <step title="Cleanup Infos" date="2025-07-02T08:50:43.153" totalFiles="435" totalCleanup="275" /><!-- duration: 18ms -->
  </step><!-- duration: 176ms -->
  <step title="DeploymentService.GetResult" date="2025-07-02T08:50:43.340" >
    <step title="DeploymentService.GetLatestDeployment" date="2025-07-02T08:50:43.352" >
      <step title="DeploymentManager.GetResults" date="2025-07-02T08:50:43.371" /><!-- duration: 872ms -->
    </step><!-- duration: 919ms -->
  </step><!-- duration: 939ms -->
  <step title="Outgoing response" date="2025-07-02T08:50:44.320" type="response" statusCode="202" statusText="Accepted" /><!-- duration: 30ms -->
</step><!-- duration: 1387ms -->
