<step title="Incoming Request" date="2025-07-02T08:51:29.605" instance="978fb3" url="/api/deployments/latest" method="GET" type="request" pid="767,1,22" Accept="*/*" Host="langchain-rag-bot-20250702123642.scm.azurewebsites.net" User-Agent="AZURECLI/2.58.0 (MSI)" Accept-Encoding="gzip, deflate" Authorization="Bea..." x-ms-client-request-id="47d59d02-5720-11f0-8839-99c40e872c42" X-ARR-LOG-ID="47d59d02-5720-11f0-8839-99c40e872c42" CLIENT-IP="4.194.122.136:35108" X-SITE-DEPLOYMENT-ID="langchain-rag-bot-20250702123642" WAS-DEFAULT-HOSTNAME="langchain-rag-bot-20250702123642.scm.azurewebsites.net" X-Forwarded-Proto="https" X-AppService-Proto="https" X-Forwarded-TlsVersion="1.3" X-WAWS-Unencoded-URL="/api/deployments/latest" X-Client-IP="4.194.122.136" X-Client-Port="35108" >
  <step title="Cleanup Xml Logs" date="2025-07-02T08:51:29.614" >
    <step title="Cleanup Infos" date="2025-07-02T08:51:29.653" totalFiles="444" totalCleanup="284" /><!-- duration: 11ms -->
  </step><!-- duration: 67ms -->
  <step title="DeploymentService.GetResult" date="2025-07-02T08:51:29.703" >
    <step title="DeploymentService.GetLatestDeployment" date="2025-07-02T08:51:29.710" >
      <step title="DeploymentManager.GetResults" date="2025-07-02T08:51:29.720" /><!-- duration: 692ms -->
    </step><!-- duration: 719ms -->
  </step><!-- duration: 735ms -->
  <step title="Outgoing response" date="2025-07-02T08:51:30.450" type="response" statusCode="202" statusText="Accepted" /><!-- duration: 8ms -->
</step><!-- duration: 865ms -->
