<step title="Incoming Request" date="2025-07-02T08:54:05.746" instance="978fb3" url="/api/deployments/latest" method="GET" type="request" pid="767,1,18" Accept="*/*" Host="langchain-rag-bot-20250702123642.scm.azurewebsites.net" User-Agent="AZURECLI/2.58.0 (MSI)" Accept-Encoding="gzip, deflate" Authorization="Bea..." x-ms-client-request-id="47d59d02-5720-11f0-8839-99c40e872c42" X-ARR-LOG-ID="47d59d02-5720-11f0-8839-99c40e872c42" CLIENT-IP="4.194.122.170:47439" X-SITE-DEPLOYMENT-ID="langchain-rag-bot-20250702123642" WAS-DEFAULT-HOSTNAME="langchain-rag-bot-20250702123642.scm.azurewebsites.net" X-Forwarded-Proto="https" X-AppService-Proto="https" X-Forwarded-TlsVersion="1.3" X-WAWS-Unencoded-URL="/api/deployments/latest" X-Client-IP="4.194.122.170" X-Client-Port="47439" >
  <step title="Cleanup Xml Logs" date="2025-07-02T08:54:05.756" >
    <step title="Cleanup Infos" date="2025-07-02T08:54:05.823" totalFiles="474" totalCleanup="314" /><!-- duration: 9ms -->
  </step><!-- duration: 87ms -->
  <step title="DeploymentService.GetResult" date="2025-07-02T08:54:05.874" >
    <step title="DeploymentService.GetLatestDeployment" date="2025-07-02T08:54:05.890" >
      <step title="DeploymentManager.GetResults" date="2025-07-02T08:54:05.901" /><!-- duration: 652ms -->
    </step><!-- duration: 683ms -->
  </step><!-- duration: 707ms -->
  <step title="Outgoing response" date="2025-07-02T08:54:06.600" type="response" statusCode="202" statusText="Accepted" /><!-- duration: 11ms -->
</step><!-- duration: 875ms -->
