<step title="Incoming Request" date="2025-07-02T08:50:25.124" instance="978fb3" url="/api/deployments/latest" method="GET" type="request" pid="767,1,25" Accept="*/*" Host="langchain-rag-bot-20250702123642.scm.azurewebsites.net" User-Agent="AZURECLI/2.58.0 (MSI)" Accept-Encoding="gzip, deflate" Authorization="Bea..." x-ms-client-request-id="47d59d02-5720-11f0-8839-99c40e872c42" X-ARR-LOG-ID="47d59d02-5720-11f0-8839-99c40e872c42" CLIENT-IP="4.194.122.162:27743" X-SITE-DEPLOYMENT-ID="langchain-rag-bot-20250702123642" WAS-DEFAULT-HOSTNAME="langchain-rag-bot-20250702123642.scm.azurewebsites.net" X-Forwarded-Proto="https" X-AppService-Proto="https" X-Forwarded-TlsVersion="1.3" X-WAWS-Unencoded-URL="/api/deployments/latest" X-Client-IP="4.194.122.162" X-Client-Port="27743" >
  <step title="Cleanup Xml Logs" date="2025-07-02T08:50:25.144" >
    <step title="Cleanup Infos" date="2025-07-02T08:50:25.220" totalFiles="432" totalCleanup="272" /><!-- duration: 19ms -->
  </step><!-- duration: 105ms -->
  <step title="DeploymentService.GetResult" date="2025-07-02T08:50:25.284" >
    <step title="DeploymentService.GetLatestDeployment" date="2025-07-02T08:50:25.291" >
      <step title="DeploymentManager.GetResults" date="2025-07-02T08:50:25.296" /><!-- duration: 764ms -->
    </step><!-- duration: 823ms -->
  </step><!-- duration: 873ms -->
  <step title="Outgoing response" date="2025-07-02T08:50:26.178" type="response" statusCode="202" statusText="Accepted" /><!-- duration: 19ms -->
</step><!-- duration: 1093ms -->
