<step title="Incoming Request" date="2025-07-02T08:20:36.102" instance="978fb3" url="/api/deployments/latest" method="GET" type="request" pid="772,1,28" Accept="*/*" Host="langchain-rag-bot-20250702123642.scm.azurewebsites.net" User-Agent="AZURECLI/2.58.0 (MSI)" Accept-Encoding="gzip, deflate" Authorization="Bea..." x-ms-client-request-id="da16f1eb-571b-11f0-ba80-99c40e872c42" X-ARR-LOG-ID="da16f1eb-571b-11f0-ba80-99c40e872c42" CLIENT-IP="4.194.122.144:4443" X-SITE-DEPLOYMENT-ID="langchain-rag-bot-20250702123642" WAS-DEFAULT-HOSTNAME="langchain-rag-bot-20250702123642.scm.azurewebsites.net" X-Forwarded-Proto="https" X-AppService-Proto="https" X-Forwarded-TlsVersion="1.3" X-WAWS-Unencoded-URL="/api/deployments/latest" X-Client-IP="4.194.122.144" X-Client-Port="4443" >
  <step title="Cleanup Xml Logs" date="2025-07-02T08:20:36.112" >
    <step title="Cleanup Infos" date="2025-07-02T08:20:36.169" totalFiles="321" totalCleanup="161" /><!-- duration: 16ms -->
  </step><!-- duration: 83ms -->
  <step title="DeploymentService.GetResult" date="2025-07-02T08:20:36.231" >
    <step title="DeploymentService.GetLatestDeployment" date="2025-07-02T08:20:36.240" >
      <step title="DeploymentManager.GetResults" date="2025-07-02T08:20:36.249" /><!-- duration: 483ms -->
    </step><!-- duration: 505ms -->
  </step><!-- duration: 523ms -->
  <step title="Outgoing response" date="2025-07-02T08:20:36.766" type="response" statusCode="202" statusText="Accepted" /><!-- duration: 16ms -->
</step><!-- duration: 689ms -->
