<step title="Incoming Request" date="2025-07-02T08:52:53.168" instance="978fb3" url="/api/deployments/latest" method="GET" type="request" pid="767,1,18" Accept="*/*" Host="langchain-rag-bot-20250702123642.scm.azurewebsites.net" User-Agent="AZURECLI/2.58.0 (MSI)" Accept-Encoding="gzip, deflate" Authorization="Bea..." x-ms-client-request-id="47d59d02-5720-11f0-8839-99c40e872c42" X-ARR-LOG-ID="47d59d02-5720-11f0-8839-99c40e872c42" CLIENT-IP="4.194.122.170:48789" X-SITE-DEPLOYMENT-ID="langchain-rag-bot-20250702123642" WAS-DEFAULT-HOSTNAME="langchain-rag-bot-20250702123642.scm.azurewebsites.net" X-Forwarded-Proto="https" X-AppService-Proto="https" X-Forwarded-TlsVersion="1.3" X-WAWS-Unencoded-URL="/api/deployments/latest" X-Client-IP="4.194.122.170" X-Client-Port="48789" >
  <step title="Cleanup Xml Logs" date="2025-07-02T08:52:53.185" >
    <step title="Cleanup Infos" date="2025-07-02T08:52:53.233" totalFiles="460" totalCleanup="300" /><!-- duration: 11ms -->
  </step><!-- duration: 76ms -->
  <step title="DeploymentService.GetResult" date="2025-07-02T08:52:53.293" >
    <step title="DeploymentService.GetLatestDeployment" date="2025-07-02T08:52:53.301" >
      <step title="DeploymentManager.GetResults" date="2025-07-02T08:52:53.310" /><!-- duration: 582ms -->
    </step><!-- duration: 611ms -->
  </step><!-- duration: 630ms -->
  <step title="Outgoing response" date="2025-07-02T08:52:53.951" type="response" statusCode="202" statusText="Accepted" /><!-- duration: 3ms -->
</step><!-- duration: 803ms -->
