<step title="Incoming Request" date="2025-07-02T08:19:22.412" instance="978fb3" url="/api/deployments/latest" method="GET" type="request" pid="772,1,28" Accept="*/*" Host="langchain-rag-bot-20250702123642.scm.azurewebsites.net" User-Agent="AZURECLI/2.58.0 (MSI)" Accept-Encoding="gzip, deflate" Authorization="Bea..." x-ms-client-request-id="da16f1eb-571b-11f0-ba80-99c40e872c42" X-ARR-LOG-ID="da16f1eb-571b-11f0-ba80-99c40e872c42" CLIENT-IP="4.194.122.162:6086" X-SITE-DEPLOYMENT-ID="langchain-rag-bot-20250702123642" WAS-DEFAULT-HOSTNAME="langchain-rag-bot-20250702123642.scm.azurewebsites.net" X-Forwarded-Proto="https" X-AppService-Proto="https" X-Forwarded-TlsVersion="1.3" X-WAWS-Unencoded-URL="/api/deployments/latest" X-Client-IP="4.194.122.162" X-Client-Port="6086" >
  <step title="Cleanup Xml Logs" date="2025-07-02T08:19:22.422" >
    <step title="Cleanup Infos" date="2025-07-02T08:19:22.470" totalFiles="307" totalCleanup="147" /><!-- duration: 16ms -->
  </step><!-- duration: 73ms -->
  <step title="DeploymentService.GetResult" date="2025-07-02T08:19:22.534" >
    <step title="DeploymentService.GetLatestDeployment" date="2025-07-02T08:19:22.546" >
      <step title="DeploymentManager.GetResults" date="2025-07-02T08:19:22.565" /><!-- duration: 528ms -->
    </step><!-- duration: 558ms -->
  </step><!-- duration: 579ms -->
  <step title="Outgoing response" date="2025-07-02T08:19:23.124" type="response" statusCode="202" statusText="Accepted" /><!-- duration: 8ms -->
</step><!-- duration: 730ms -->
