<step title="Incoming Request" date="2025-07-02T09:00:35.597" instance="978fb3" url="/api/deployments/latest" method="GET" type="request" pid="767,1,7" Accept="*/*" Host="langchain-rag-bot-20250702123642.scm.azurewebsites.net" User-Agent="AZURECLI/2.58.0 (MSI)" Accept-Encoding="gzip, deflate" Authorization="Bea..." x-ms-client-request-id="e7913544-5722-11f0-95b7-99c40e872c42" X-ARR-LOG-ID="e7913544-5722-11f0-95b7-99c40e872c42" CLIENT-IP="4.194.122.162:2752" X-SITE-DEPLOYMENT-ID="langchain-rag-bot-20250702123642" WAS-DEFAULT-HOSTNAME="langchain-rag-bot-20250702123642.scm.azurewebsites.net" X-Forwarded-Proto="https" X-AppService-Proto="https" X-Forwarded-TlsVersion="1.3" X-WAWS-Unencoded-URL="/api/deployments/latest" X-Client-IP="4.194.122.162" X-Client-Port="2752" >
  <step title="Cleanup Xml Logs" date="2025-07-02T09:00:35.615" >
    <step title="Cleanup Infos" date="2025-07-02T09:00:35.746" totalFiles="486" totalCleanup="326" /><!-- duration: 10ms -->
  </step><!-- duration: 160ms -->
  <step title="DeploymentService.GetResult" date="2025-07-02T09:00:35.823" >
    <step title="DeploymentService.GetLatestDeployment" date="2025-07-02T09:00:35.832" >
      <step title="DeploymentManager.GetResults" date="2025-07-02T09:00:35.852" /><!-- duration: 921ms -->
    </step><!-- duration: 972ms -->
  </step><!-- duration: 1038ms -->
  <step title="Outgoing response" date="2025-07-02T09:00:36.908" type="response" statusCode="202" statusText="Accepted" /><!-- duration: 10ms -->
</step><!-- duration: 1353ms -->
