<step title="Incoming Request" date="2025-07-02T08:12:30.312" instance="978fb3" url="/api/deployments/latest" method="GET" type="request" pid="772,1,31" Accept="*/*" Host="langchain-rag-bot-20250702123642.scm.azurewebsites.net" User-Agent="AZURECLI/2.58.0 (MSI)" Accept-Encoding="gzip, deflate" Authorization="Bea..." x-ms-client-request-id="da16f1eb-571b-11f0-ba80-99c40e872c42" X-ARR-LOG-ID="da16f1eb-571b-11f0-ba80-99c40e872c42" CLIENT-IP="4.194.122.162:2212" X-SITE-DEPLOYMENT-ID="langchain-rag-bot-20250702123642" WAS-DEFAULT-HOSTNAME="langchain-rag-bot-20250702123642.scm.azurewebsites.net" X-Forwarded-Proto="https" X-AppService-Proto="https" X-Forwarded-TlsVersion="1.3" X-WAWS-Unencoded-URL="/api/deployments/latest" X-Client-IP="4.194.122.162" X-Client-Port="2212" >
  <step title="Cleanup Xml Logs" date="2025-07-02T08:12:30.338" >
    <step title="Cleanup Infos" date="2025-07-02T08:12:30.418" totalFiles="230" totalCleanup="70" /><!-- duration: 58ms -->
  </step><!-- duration: 157ms -->
  <step title="DeploymentService.GetResult" date="2025-07-02T08:12:30.552" >
    <step title="DeploymentService.GetLatestDeployment" date="2025-07-02T08:12:30.555" >
      <step title="DeploymentManager.GetResults" date="2025-07-02T08:12:30.592" /><!-- duration: 694ms -->
    </step><!-- duration: 777ms -->
  </step><!-- duration: 792ms -->
  <step title="Outgoing response" date="2025-07-02T08:12:31.394" type="response" statusCode="202" statusText="Accepted" /><!-- duration: 20ms -->
</step><!-- duration: 1118ms -->
