<step title="Incoming Request" date="2025-07-02T08:11:25.039" instance="978fb3" url="/api/deployments/latest" method="GET" type="request" pid="772,1,24" Accept="*/*" Host="langchain-rag-bot-20250702123642.scm.azurewebsites.net" User-Agent="AZURECLI/2.58.0 (MSI)" Accept-Encoding="gzip, deflate" Authorization="Bea..." x-ms-client-request-id="da16f1eb-571b-11f0-ba80-99c40e872c42" X-ARR-LOG-ID="da16f1eb-571b-11f0-ba80-99c40e872c42" CLIENT-IP="4.194.122.136:35101" X-SITE-DEPLOYMENT-ID="langchain-rag-bot-20250702123642" WAS-DEFAULT-HOSTNAME="langchain-rag-bot-20250702123642.scm.azurewebsites.net" X-Forwarded-Proto="https" X-AppService-Proto="https" X-Forwarded-TlsVersion="1.3" X-WAWS-Unencoded-URL="/api/deployments/latest" X-Client-IP="4.194.122.136" X-Client-Port="35101" >
  <step title="Cleanup Xml Logs" date="2025-07-02T08:11:25.049" >
    <step title="Cleanup Infos" date="2025-07-02T08:11:25.080" totalFiles="217" totalCleanup="57" /><!-- duration: 17ms -->
  </step><!-- duration: 59ms -->
  <step title="DeploymentService.GetResult" date="2025-07-02T08:11:25.137" >
    <step title="DeploymentService.GetLatestDeployment" date="2025-07-02T08:11:25.156" >
      <step title="DeploymentManager.GetResults" date="2025-07-02T08:11:25.174" /><!-- duration: 484ms -->
    </step><!-- duration: 513ms -->
  </step><!-- duration: 550ms -->
  <step title="Outgoing response" date="2025-07-02T08:11:25.717" type="response" statusCode="202" statusText="Accepted" /><!-- duration: 8ms -->
</step><!-- duration: 706ms -->
