<step title="Incoming Request" date="2025-07-02T08:45:06.850" instance="978fb3" url="/api/deployments/latest" method="GET" type="request" pid="767,1,23" Accept="*/*" Host="langchain-rag-bot-20250702123642.scm.azurewebsites.net" User-Agent="AZURECLI/2.58.0 (MSI)" Accept-Encoding="gzip, deflate" Authorization="Bea..." x-ms-client-request-id="47d59d02-5720-11f0-8839-99c40e872c42" X-ARR-LOG-ID="47d59d02-5720-11f0-8839-99c40e872c42" CLIENT-IP="4.194.122.162:35985" X-SITE-DEPLOYMENT-ID="langchain-rag-bot-20250702123642" WAS-DEFAULT-HOSTNAME="langchain-rag-bot-20250702123642.scm.azurewebsites.net" X-Forwarded-Proto="https" X-AppService-Proto="https" X-Forwarded-TlsVersion="1.3" X-WAWS-Unencoded-URL="/api/deployments/latest" X-Client-IP="4.194.122.162" X-Client-Port="35985" >
  <step title="Cleanup Xml Logs" date="2025-07-02T08:45:06.862" >
    <step title="Cleanup Infos" date="2025-07-02T08:45:06.973" totalFiles="373" totalCleanup="213" /><!-- duration: 16ms -->
  </step><!-- duration: 146ms -->
  <step title="DeploymentService.GetResult" date="2025-07-02T08:45:07.075" >
    <step title="DeploymentService.GetLatestDeployment" date="2025-07-02T08:45:07.084" >
      <step title="DeploymentManager.GetResults" date="2025-07-02T08:45:07.106" /><!-- duration: 819ms -->
    </step><!-- duration: 966ms -->
  </step><!-- duration: 1051ms -->
  <step title="Outgoing response" date="2025-07-02T08:45:08.158" type="response" statusCode="202" statusText="Accepted" /><!-- duration: 9ms -->
</step><!-- duration: 1325ms -->
