<step title="Incoming Request" date="2025-07-02T08:14:15.970" instance="978fb3" url="/api/deployments/latest" method="GET" type="request" pid="772,1,22" Accept="*/*" Host="langchain-rag-bot-20250702123642.scm.azurewebsites.net" User-Agent="AZURECLI/2.58.0 (MSI)" Accept-Encoding="gzip, deflate" Authorization="Bea..." x-ms-client-request-id="da16f1eb-571b-11f0-ba80-99c40e872c42" X-ARR-LOG-ID="da16f1eb-571b-11f0-ba80-99c40e872c42" CLIENT-IP="4.194.122.162:2204" X-SITE-DEPLOYMENT-ID="langchain-rag-bot-20250702123642" WAS-DEFAULT-HOSTNAME="langchain-rag-bot-20250702123642.scm.azurewebsites.net" X-Forwarded-Proto="https" X-AppService-Proto="https" X-Forwarded-TlsVersion="1.3" X-WAWS-Unencoded-URL="/api/deployments/latest" X-Client-IP="4.194.122.162" X-Client-Port="2204" >
  <step title="Cleanup Xml Logs" date="2025-07-02T08:14:15.986" >
    <step title="Cleanup Infos" date="2025-07-02T08:14:16.037" totalFiles="251" totalCleanup="91" /><!-- duration: 9ms -->
  </step><!-- duration: 70ms -->
  <step title="DeploymentService.GetResult" date="2025-07-02T08:14:16.086" >
    <step title="DeploymentService.GetLatestDeployment" date="2025-07-02T08:14:16.095" >
      <step title="DeploymentManager.GetResults" date="2025-07-02T08:14:16.105" /><!-- duration: 478ms -->
    </step><!-- duration: 514ms -->
  </step><!-- duration: 552ms -->
  <step title="Outgoing response" date="2025-07-02T08:14:16.698" type="response" statusCode="202" statusText="Accepted" /><!-- duration: 9ms -->
</step><!-- duration: 746ms -->
