<step title="Incoming Request" date="2025-07-02T08:44:34.625" instance="978fb3" url="/api/deployments/latest" method="GET" type="request" pid="767,1,24" Accept="*/*" Host="langchain-rag-bot-20250702123642.scm.azurewebsites.net" User-Agent="AZURECLI/2.58.0 (MSI)" Accept-Encoding="gzip, deflate" Authorization="Bea..." x-ms-client-request-id="47d59d02-5720-11f0-8839-99c40e872c42" X-ARR-LOG-ID="47d59d02-5720-11f0-8839-99c40e872c42" CLIENT-IP="4.194.122.162:27737" X-SITE-DEPLOYMENT-ID="langchain-rag-bot-20250702123642" WAS-DEFAULT-HOSTNAME="langchain-rag-bot-20250702123642.scm.azurewebsites.net" X-Forwarded-Proto="https" X-AppService-Proto="https" X-Forwarded-TlsVersion="1.3" X-WAWS-Unencoded-URL="/api/deployments/latest" X-Client-IP="4.194.122.162" X-Client-Port="27737" >
  <step title="Cleanup Xml Logs" date="2025-07-02T08:44:34.684" >
    <step title="Cleanup Infos" date="2025-07-02T08:44:34.744" totalFiles="367" totalCleanup="207" /><!-- duration: 17ms -->
  </step><!-- duration: 115ms -->
  <step title="DeploymentService.GetResult" date="2025-07-02T08:44:34.820" >
    <step title="DeploymentService.GetLatestDeployment" date="2025-07-02T08:44:34.828" >
      <step title="DeploymentManager.GetResults" date="2025-07-02T08:44:34.849" /><!-- duration: 589ms -->
    </step><!-- duration: 619ms -->
  </step><!-- duration: 639ms -->
  <step title="Outgoing response" date="2025-07-02T08:44:35.470" type="response" statusCode="202" statusText="Accepted" /><!-- duration: 8ms -->
</step><!-- duration: 863ms -->
