<step title="Incoming Request" date="2025-07-02T08:48:09.672" instance="978fb3" url="/api/deployments/latest" method="GET" type="request" pid="767,1,20" Accept="*/*" Host="langchain-rag-bot-20250702123642.scm.azurewebsites.net" User-Agent="AZURECLI/2.58.0 (MSI)" Accept-Encoding="gzip, deflate" Authorization="Bea..." x-ms-client-request-id="47d59d02-5720-11f0-8839-99c40e872c42" X-ARR-LOG-ID="47d59d02-5720-11f0-8839-99c40e872c42" CLIENT-IP="4.194.122.136:19727" X-SITE-DEPLOYMENT-ID="langchain-rag-bot-20250702123642" WAS-DEFAULT-HOSTNAME="langchain-rag-bot-20250702123642.scm.azurewebsites.net" X-Forwarded-Proto="https" X-AppService-Proto="https" X-Forwarded-TlsVersion="1.3" X-WAWS-Unencoded-URL="/api/deployments/latest" X-Client-IP="4.194.122.136" X-Client-Port="19727" >
  <step title="Cleanup Xml Logs" date="2025-07-02T08:48:09.688" >
    <step title="Cleanup Infos" date="2025-07-02T08:48:09.732" totalFiles="407" totalCleanup="247" /><!-- duration: 10ms -->
  </step><!-- duration: 70ms -->
  <step title="DeploymentService.GetResult" date="2025-07-02T08:48:09.785" >
    <step title="DeploymentService.GetLatestDeployment" date="2025-07-02T08:48:09.793" >
      <step title="DeploymentManager.GetResults" date="2025-07-02T08:48:09.800" /><!-- duration: 786ms -->
    </step><!-- duration: 828ms -->
  </step><!-- duration: 839ms -->
  <step title="Outgoing response" date="2025-07-02T08:48:10.642" type="response" statusCode="202" statusText="Accepted" /><!-- duration: 9ms -->
</step><!-- duration: 988ms -->
