<step title="Incoming Request" date="2025-07-02T08:47:52.818" instance="978fb3" url="/api/deployments/latest" method="GET" type="request" pid="767,1,22" Accept="*/*" Host="langchain-rag-bot-20250702123642.scm.azurewebsites.net" User-Agent="AZURECLI/2.58.0 (MSI)" Accept-Encoding="gzip, deflate" Authorization="Bea..." x-ms-client-request-id="47d59d02-5720-11f0-8839-99c40e872c42" X-ARR-LOG-ID="47d59d02-5720-11f0-8839-99c40e872c42" CLIENT-IP="4.194.122.136:52370" X-SITE-DEPLOYMENT-ID="langchain-rag-bot-20250702123642" WAS-DEFAULT-HOSTNAME="langchain-rag-bot-20250702123642.scm.azurewebsites.net" X-Forwarded-Proto="https" X-AppService-Proto="https" X-Forwarded-TlsVersion="1.3" X-WAWS-Unencoded-URL="/api/deployments/latest" X-Client-IP="4.194.122.136" X-Client-Port="52370" >
  <step title="Cleanup Xml Logs" date="2025-07-02T08:47:52.830" >
    <step title="Cleanup Infos" date="2025-07-02T08:47:52.879" totalFiles="404" totalCleanup="244" /><!-- duration: 11ms -->
  </step><!-- duration: 95ms -->
  <step title="DeploymentService.GetResult" date="2025-07-02T08:47:52.967" >
    <step title="DeploymentService.GetLatestDeployment" date="2025-07-02T08:47:52.976" >
      <step title="DeploymentManager.GetResults" date="2025-07-02T08:47:53.089" /><!-- duration: 671ms -->
    </step><!-- duration: 794ms -->
  </step><!-- duration: 820ms -->
  <step title="Outgoing response" date="2025-07-02T08:47:53.806" type="response" statusCode="202" statusText="Accepted" /><!-- duration: 3ms -->
</step><!-- duration: 1018ms -->
