<step title="Incoming Request" date="2025-07-02T08:54:10.747" instance="978fb3" url="/api/deployments/latest" method="GET" type="request" pid="767,1,22" Accept="*/*" Host="langchain-rag-bot-20250702123642.scm.azurewebsites.net" User-Agent="AZURECLI/2.58.0 (MSI)" Accept-Encoding="gzip, deflate" Authorization="Bea..." x-ms-client-request-id="47d59d02-5720-11f0-8839-99c40e872c42" X-ARR-LOG-ID="47d59d02-5720-11f0-8839-99c40e872c42" CLIENT-IP="4.194.122.144:4446" X-SITE-DEPLOYMENT-ID="langchain-rag-bot-20250702123642" WAS-DEFAULT-HOSTNAME="langchain-rag-bot-20250702123642.scm.azurewebsites.net" X-Forwarded-Proto="https" X-AppService-Proto="https" X-Forwarded-TlsVersion="1.3" X-WAWS-Unencoded-URL="/api/deployments/latest" X-Client-IP="4.194.122.144" X-Client-Port="4446" >
  <step title="Cleanup Xml Logs" date="2025-07-02T08:54:10.757" >
    <step title="Cleanup Infos" date="2025-07-02T08:54:10.798" totalFiles="475" totalCleanup="315" /><!-- duration: 9ms -->
  </step><!-- duration: 59ms -->
  <step title="DeploymentService.GetResult" date="2025-07-02T08:54:10.853" >
    <step title="DeploymentService.GetLatestDeployment" date="2025-07-02T08:54:10.856" >
      <step title="DeploymentManager.GetResults" date="2025-07-02T08:54:10.865" /><!-- duration: 534ms -->
    </step><!-- duration: 553ms -->
  </step><!-- duration: 566ms -->
  <step title="Outgoing response" date="2025-07-02T08:54:11.438" type="response" statusCode="202" statusText="Accepted" /><!-- duration: 8ms -->
</step><!-- duration: 728ms -->
