<step title="Incoming Request" date="2025-07-02T08:10:40.540" instance="978fb3" url="/api/deployments/latest" method="GET" type="request" pid="772,1,29" Accept="*/*" Host="langchain-rag-bot-20250702123642.scm.azurewebsites.net" User-Agent="AZURECLI/2.58.0 (MSI)" Accept-Encoding="gzip, deflate" Authorization="Bea..." x-ms-client-request-id="da16f1eb-571b-11f0-ba80-99c40e872c42" X-ARR-LOG-ID="da16f1eb-571b-11f0-ba80-99c40e872c42" CLIENT-IP="4.194.122.162:56322" X-SITE-DEPLOYMENT-ID="langchain-rag-bot-20250702123642" WAS-DEFAULT-HOSTNAME="langchain-rag-bot-20250702123642.scm.azurewebsites.net" X-Forwarded-Proto="https" X-AppService-Proto="https" X-Forwarded-TlsVersion="1.3" X-WAWS-Unencoded-URL="/api/deployments/latest" X-Client-IP="4.194.122.162" X-Client-Port="56322" >
  <step title="Cleanup Xml Logs" date="2025-07-02T08:10:40.551" >
    <step title="Cleanup Infos" date="2025-07-02T08:10:40.592" totalFiles="207" totalCleanup="47" /><!-- duration: 25ms -->
  </step><!-- duration: 89ms -->
  <step title="DeploymentService.GetResult" date="2025-07-02T08:10:40.704" >
    <step title="DeploymentService.GetLatestDeployment" date="2025-07-02T08:10:40.714" >
      <step title="DeploymentManager.GetResults" date="2025-07-02T08:10:40.725" /><!-- duration: 587ms -->
    </step><!-- duration: 608ms -->
  </step><!-- duration: 629ms -->
  <step title="Outgoing response" date="2025-07-02T08:10:41.400" type="response" statusCode="202" statusText="Accepted" /><!-- duration: 11ms -->
</step><!-- duration: 880ms -->
