<step title="Incoming Request" date="2025-07-02T08:10:45.963" instance="978fb3" url="/api/deployments/latest" method="GET" type="request" pid="772,1,29" Accept="*/*" Host="langchain-rag-bot-20250702123642.scm.azurewebsites.net" User-Agent="AZURECLI/2.58.0 (MSI)" Accept-Encoding="gzip, deflate" Authorization="Bea..." x-ms-client-request-id="da16f1eb-571b-11f0-ba80-99c40e872c42" X-ARR-LOG-ID="da16f1eb-571b-11f0-ba80-99c40e872c42" CLIENT-IP="4.194.122.136:33889" X-SITE-DEPLOYMENT-ID="langchain-rag-bot-20250702123642" WAS-DEFAULT-HOSTNAME="langchain-rag-bot-20250702123642.scm.azurewebsites.net" X-Forwarded-Proto="https" X-AppService-Proto="https" X-Forwarded-TlsVersion="1.3" X-WAWS-Unencoded-URL="/api/deployments/latest" X-Client-IP="4.194.122.136" X-Client-Port="33889" >
  <step title="Cleanup Xml Logs" date="2025-07-02T08:10:45.976" >
    <step title="Cleanup Infos" date="2025-07-02T08:10:46.025" totalFiles="208" totalCleanup="48" /><!-- duration: 16ms -->
  </step><!-- duration: 77ms -->
  <step title="DeploymentService.GetResult" date="2025-07-02T08:10:46.119" >
    <step title="DeploymentService.GetLatestDeployment" date="2025-07-02T08:10:46.129" >
      <step title="DeploymentManager.GetResults" date="2025-07-02T08:10:46.147" /><!-- duration: 572ms -->
    </step><!-- duration: 610ms -->
  </step><!-- duration: 630ms -->
  <step title="Outgoing response" date="2025-07-02T08:10:46.789" type="response" statusCode="202" statusText="Accepted" /><!-- duration: 10ms -->
</step><!-- duration: 846ms -->
