<step title="Incoming Request" date="2025-07-02T09:00:10.989" instance="978fb3" url="/api/deployments/latest" method="GET" type="request" pid="767,1,7" Accept="*/*" Host="langchain-rag-bot-20250702123642.scm.azurewebsites.net" User-Agent="AZURECLI/2.58.0 (MSI)" Accept-Encoding="gzip, deflate" Authorization="Bea..." x-ms-client-request-id="e7913544-5722-11f0-95b7-99c40e872c42" X-ARR-LOG-ID="e7913544-5722-11f0-95b7-99c40e872c42" CLIENT-IP="4.194.122.136:14114" X-SITE-DEPLOYMENT-ID="langchain-rag-bot-20250702123642" WAS-DEFAULT-HOSTNAME="langchain-rag-bot-20250702123642.scm.azurewebsites.net" X-Forwarded-Proto="https" X-AppService-Proto="https" X-Forwarded-TlsVersion="1.3" X-WAWS-Unencoded-URL="/api/deployments/latest" X-Client-IP="4.194.122.136" X-Client-Port="14114" >
  <step title="Cleanup Xml Logs" date="2025-07-02T09:00:11.044" >
    <step title="Cleanup Infos" date="2025-07-02T09:00:11.193" totalFiles="482" totalCleanup="322" /><!-- duration: 114ms -->
  </step><!-- duration: 308ms -->
  <step title="DeploymentService.GetResult" date="2025-07-02T09:00:12.041" >
    <step title="DeploymentService.GetLatestDeployment" date="2025-07-02T09:00:12.090" >
      <step title="DeploymentManager.GetResults" date="2025-07-02T09:00:12.146" /><!-- duration: 1069ms -->
    </step><!-- duration: 1171ms -->
  </step><!-- duration: 1260ms -->
  <step title="Outgoing response" date="2025-07-02T09:00:13.562" type="response" statusCode="202" statusText="Accepted" /><!-- duration: 29ms -->
</step><!-- duration: 2677ms -->
