<step title="Incoming Request" date="2025-07-02T08:18:10.996" instance="978fb3" url="/api/deployments/latest" method="GET" type="request" pid="772,1,18" Accept="*/*" Host="langchain-rag-bot-20250702123642.scm.azurewebsites.net" User-Agent="AZURECLI/2.58.0 (MSI)" Accept-Encoding="gzip, deflate" Authorization="Bea..." x-ms-client-request-id="da16f1eb-571b-11f0-ba80-99c40e872c42" X-ARR-LOG-ID="da16f1eb-571b-11f0-ba80-99c40e872c42" CLIENT-IP="4.194.122.162:28256" X-SITE-DEPLOYMENT-ID="langchain-rag-bot-20250702123642" WAS-DEFAULT-HOSTNAME="langchain-rag-bot-20250702123642.scm.azurewebsites.net" X-Forwarded-Proto="https" X-AppService-Proto="https" X-Forwarded-TlsVersion="1.3" X-WAWS-Unencoded-URL="/api/deployments/latest" X-Client-IP="4.194.122.162" X-Client-Port="28256" >
  <step title="Cleanup Xml Logs" date="2025-07-02T08:18:11.030" >
    <step title="Cleanup Infos" date="2025-07-02T08:18:11.103" totalFiles="294" totalCleanup="134" /><!-- duration: 56ms -->
  </step><!-- duration: 146ms -->
  <step title="DeploymentService.GetResult" date="2025-07-02T08:18:11.224" >
    <step title="DeploymentService.GetLatestDeployment" date="2025-07-02T08:18:11.244" >
      <step title="DeploymentManager.GetResults" date="2025-07-02T08:18:11.265" /><!-- duration: 793ms -->
    </step><!-- duration: 852ms -->
  </step><!-- duration: 890ms -->
  <step title="Outgoing response" date="2025-07-02T08:18:12.171" type="response" statusCode="202" statusText="Accepted" /><!-- duration: 27ms -->
</step><!-- duration: 1279ms -->
