<step title="Incoming Request" date="2025-07-02T08:47:37.136" instance="978fb3" url="/api/deployments/latest" method="GET" type="request" pid="767,1,25" Accept="*/*" Host="langchain-rag-bot-20250702123642.scm.azurewebsites.net" User-Agent="AZURECLI/2.58.0 (MSI)" Accept-Encoding="gzip, deflate" Authorization="Bea..." x-ms-client-request-id="47d59d02-5720-11f0-8839-99c40e872c42" X-ARR-LOG-ID="47d59d02-5720-11f0-8839-99c40e872c42" CLIENT-IP="4.194.122.136:35093" X-SITE-DEPLOYMENT-ID="langchain-rag-bot-20250702123642" WAS-DEFAULT-HOSTNAME="langchain-rag-bot-20250702123642.scm.azurewebsites.net" X-Forwarded-Proto="https" X-AppService-Proto="https" X-Forwarded-TlsVersion="1.3" X-WAWS-Unencoded-URL="/api/deployments/latest" X-Client-IP="4.194.122.136" X-Client-Port="35093" >
  <step title="Cleanup Xml Logs" date="2025-07-02T08:47:37.152" >
    <step title="Cleanup Infos" date="2025-07-02T08:47:37.212" totalFiles="401" totalCleanup="241" /><!-- duration: 39ms -->
  </step><!-- duration: 106ms -->
  <step title="DeploymentService.GetResult" date="2025-07-02T08:47:37.287" >
    <step title="DeploymentService.GetLatestDeployment" date="2025-07-02T08:47:37.294" >
      <step title="DeploymentManager.GetResults" date="2025-07-02T08:47:37.304" /><!-- duration: 503ms -->
    </step><!-- duration: 523ms -->
  </step><!-- duration: 538ms -->
  <step title="Outgoing response" date="2025-07-02T08:47:37.844" type="response" statusCode="202" statusText="Accepted" /><!-- duration: 3ms -->
</step><!-- duration: 720ms -->
