<step title="Incoming Request" date="2025-07-02T08:19:05.296" instance="978fb3" url="/api/deployments/latest" method="GET" type="request" pid="772,1,28" Accept="*/*" Host="langchain-rag-bot-20250702123642.scm.azurewebsites.net" User-Agent="AZURECLI/2.58.0 (MSI)" Accept-Encoding="gzip, deflate" Authorization="Bea..." x-ms-client-request-id="da16f1eb-571b-11f0-ba80-99c40e872c42" X-ARR-LOG-ID="da16f1eb-571b-11f0-ba80-99c40e872c42" CLIENT-IP="4.194.122.136:52387" X-SITE-DEPLOYMENT-ID="langchain-rag-bot-20250702123642" WAS-DEFAULT-HOSTNAME="langchain-rag-bot-20250702123642.scm.azurewebsites.net" X-Forwarded-Proto="https" X-AppService-Proto="https" X-Forwarded-TlsVersion="1.3" X-WAWS-Unencoded-URL="/api/deployments/latest" X-Client-IP="4.194.122.136" X-Client-Port="52387" >
  <step title="Cleanup Xml Logs" date="2025-07-02T08:19:05.326" >
    <step title="Cleanup Infos" date="2025-07-02T08:19:05.374" totalFiles="304" totalCleanup="144" /><!-- duration: 11ms -->
  </step><!-- duration: 68ms -->
  <step title="DeploymentService.GetResult" date="2025-07-02T08:19:05.421" >
    <step title="DeploymentService.GetLatestDeployment" date="2025-07-02T08:19:05.430" >
      <step title="DeploymentManager.GetResults" date="2025-07-02T08:19:05.440" /><!-- duration: 547ms -->
    </step><!-- duration: 570ms -->
  </step><!-- duration: 587ms -->
  <step title="Outgoing response" date="2025-07-02T08:19:06.037" type="response" statusCode="202" statusText="Accepted" /><!-- duration: 8ms -->
</step><!-- duration: 759ms -->
