<step title="Incoming Request" date="2025-07-02T08:52:27.305" instance="978fb3" url="/api/deployments/latest" method="GET" type="request" pid="767,1,22" Accept="*/*" Host="langchain-rag-bot-20250702123642.scm.azurewebsites.net" User-Agent="AZURECLI/2.58.0 (MSI)" Accept-Encoding="gzip, deflate" Authorization="Bea..." x-ms-client-request-id="47d59d02-5720-11f0-8839-99c40e872c42" X-ARR-LOG-ID="47d59d02-5720-11f0-8839-99c40e872c42" CLIENT-IP="4.194.122.144:23896" X-SITE-DEPLOYMENT-ID="langchain-rag-bot-20250702123642" WAS-DEFAULT-HOSTNAME="langchain-rag-bot-20250702123642.scm.azurewebsites.net" X-Forwarded-Proto="https" X-AppService-Proto="https" X-Forwarded-TlsVersion="1.3" X-WAWS-Unencoded-URL="/api/deployments/latest" X-Client-IP="4.194.122.144" X-Client-Port="23896" >
  <step title="Cleanup Xml Logs" date="2025-07-02T08:52:27.341" >
    <step title="Cleanup Infos" date="2025-07-02T08:52:27.490" totalFiles="455" totalCleanup="295" /><!-- duration: 18ms -->
  </step><!-- duration: 186ms -->
  <step title="DeploymentService.GetResult" date="2025-07-02T08:52:27.625" >
    <step title="DeploymentService.GetLatestDeployment" date="2025-07-02T08:52:27.634" >
      <step title="DeploymentManager.GetResults" date="2025-07-02T08:52:27.665" /><!-- duration: 888ms -->
    </step><!-- duration: 947ms -->
  </step><!-- duration: 986ms -->
  <step title="Outgoing response" date="2025-07-02T08:52:28.631" type="response" statusCode="202" statusText="Accepted" /><!-- duration: 26ms -->
</step><!-- duration: 1380ms -->
