<step title="Incoming Request" date="2025-07-02T08:50:01.287" instance="978fb3" url="/api/deployments/latest" method="GET" type="request" pid="767,1,25" Accept="*/*" Host="langchain-rag-bot-20250702123642.scm.azurewebsites.net" User-Agent="AZURECLI/2.58.0 (MSI)" Accept-Encoding="gzip, deflate" Authorization="Bea..." x-ms-client-request-id="47d59d02-5720-11f0-8839-99c40e872c42" X-ARR-LOG-ID="47d59d02-5720-11f0-8839-99c40e872c42" CLIENT-IP="4.194.122.144:4443" X-SITE-DEPLOYMENT-ID="langchain-rag-bot-20250702123642" WAS-DEFAULT-HOSTNAME="langchain-rag-bot-20250702123642.scm.azurewebsites.net" X-Forwarded-Proto="https" X-AppService-Proto="https" X-Forwarded-TlsVersion="1.3" X-WAWS-Unencoded-URL="/api/deployments/latest" X-Client-IP="4.194.122.144" X-Client-Port="4443" >
  <step title="Cleanup Xml Logs" date="2025-07-02T08:50:01.353" >
    <step title="Cleanup Infos" date="2025-07-02T08:50:01.409" totalFiles="428" totalCleanup="268" /><!-- duration: 20ms -->
  </step><!-- duration: 79ms -->
  <step title="DeploymentService.GetResult" date="2025-07-02T08:50:01.458" >
    <step title="DeploymentService.GetLatestDeployment" date="2025-07-02T08:50:01.461" >
      <step title="DeploymentManager.GetResults" date="2025-07-02T08:50:01.479" /><!-- duration: 674ms -->
    </step><!-- duration: 702ms -->
  </step><!-- duration: 717ms -->
  <step title="Outgoing response" date="2025-07-02T08:50:02.184" type="response" statusCode="202" statusText="Accepted" /><!-- duration: 10ms -->
</step><!-- duration: 916ms -->
