<step title="Incoming Request" date="2025-07-02T09:00:18.868" instance="978fb3" url="/api/deployments/latest" method="GET" type="request" pid="767,1,19" Accept="*/*" Host="langchain-rag-bot-20250702123642.scm.azurewebsites.net" User-Agent="AZURECLI/2.58.0 (MSI)" Accept-Encoding="gzip, deflate" Authorization="Bea..." x-ms-client-request-id="e7913544-5722-11f0-95b7-99c40e872c42" X-ARR-LOG-ID="e7913544-5722-11f0-95b7-99c40e872c42" CLIENT-IP="4.194.122.170:10645" X-SITE-DEPLOYMENT-ID="langchain-rag-bot-20250702123642" WAS-DEFAULT-HOSTNAME="langchain-rag-bot-20250702123642.scm.azurewebsites.net" X-Forwarded-Proto="https" X-AppService-Proto="https" X-Forwarded-TlsVersion="1.3" X-WAWS-Unencoded-URL="/api/deployments/latest" X-Client-IP="4.194.122.170" X-Client-Port="10645" >
  <step title="Cleanup Xml Logs" date="2025-07-02T09:00:18.876" >
    <step title="Cleanup Infos" date="2025-07-02T09:00:18.941" totalFiles="483" totalCleanup="323" /><!-- duration: 22ms -->
  </step><!-- duration: 122ms -->
  <step title="DeploymentService.GetResult" date="2025-07-02T09:00:19.041" >
    <step title="DeploymentService.GetLatestDeployment" date="2025-07-02T09:00:19.059" >
      <step title="DeploymentManager.GetResults" date="2025-07-02T09:00:19.077" /><!-- duration: 718ms -->
    </step><!-- duration: 795ms -->
  </step><!-- duration: 816ms -->
  <step title="Outgoing response" date="2025-07-02T09:00:19.864" type="response" statusCode="202" statusText="Accepted" /><!-- duration: 5ms -->
</step><!-- duration: 1009ms -->
