<step title="Incoming Request" date="2025-07-02T08:44:49.840" instance="978fb3" url="/api/deployments/latest" method="GET" type="request" pid="767,1,24" Accept="*/*" Host="langchain-rag-bot-20250702123642.scm.azurewebsites.net" User-Agent="AZURECLI/2.58.0 (MSI)" Accept-Encoding="gzip, deflate" Authorization="Bea..." x-ms-client-request-id="47d59d02-5720-11f0-8839-99c40e872c42" X-ARR-LOG-ID="47d59d02-5720-11f0-8839-99c40e872c42" CLIENT-IP="4.194.122.170:48984" X-SITE-DEPLOYMENT-ID="langchain-rag-bot-20250702123642" WAS-DEFAULT-HOSTNAME="langchain-rag-bot-20250702123642.scm.azurewebsites.net" X-Forwarded-Proto="https" X-AppService-Proto="https" X-Forwarded-TlsVersion="1.3" X-WAWS-Unencoded-URL="/api/deployments/latest" X-Client-IP="4.194.122.170" X-Client-Port="48984" >
  <step title="Cleanup Xml Logs" date="2025-07-02T08:44:49.858" >
    <step title="Cleanup Infos" date="2025-07-02T08:44:49.907" totalFiles="370" totalCleanup="210" /><!-- duration: 19ms -->
  </step><!-- duration: 71ms -->
  <step title="DeploymentService.GetResult" date="2025-07-02T08:44:49.986" >
    <step title="DeploymentService.GetLatestDeployment" date="2025-07-02T08:44:49.994" >
      <step title="DeploymentManager.GetResults" date="2025-07-02T08:44:50.004" /><!-- duration: 644ms -->
    </step><!-- duration: 676ms -->
  </step><!-- duration: 711ms -->
  <step title="Outgoing response" date="2025-07-02T08:44:50.716" type="response" statusCode="202" statusText="Accepted" /><!-- duration: 3ms -->
</step><!-- duration: 908ms -->
