<step title="Incoming Request" date="2025-07-02T08:50:07.194" instance="978fb3" url="/api/deployments/latest" method="GET" type="request" pid="767,1,25" Accept="*/*" Host="langchain-rag-bot-20250702123642.scm.azurewebsites.net" User-Agent="AZURECLI/2.58.0 (MSI)" Accept-Encoding="gzip, deflate" Authorization="Bea..." x-ms-client-request-id="47d59d02-5720-11f0-8839-99c40e872c42" X-ARR-LOG-ID="47d59d02-5720-11f0-8839-99c40e872c42" CLIENT-IP="4.194.122.162:56481" X-SITE-DEPLOYMENT-ID="langchain-rag-bot-20250702123642" WAS-DEFAULT-HOSTNAME="langchain-rag-bot-20250702123642.scm.azurewebsites.net" X-Forwarded-Proto="https" X-AppService-Proto="https" X-Forwarded-TlsVersion="1.3" X-WAWS-Unencoded-URL="/api/deployments/latest" X-Client-IP="4.194.122.162" X-Client-Port="56481" >
  <step title="Cleanup Xml Logs" date="2025-07-02T08:50:07.212" >
    <step title="Cleanup Infos" date="2025-07-02T08:50:07.291" totalFiles="429" totalCleanup="269" /><!-- duration: 20ms -->
  </step><!-- duration: 108ms -->
  <step title="DeploymentService.GetResult" date="2025-07-02T08:50:07.358" >
    <step title="DeploymentService.GetLatestDeployment" date="2025-07-02T08:50:07.371" >
      <step title="DeploymentManager.GetResults" date="2025-07-02T08:50:07.377" /><!-- duration: 631ms -->
    </step><!-- duration: 666ms -->
  </step><!-- duration: 688ms -->
  <step title="Outgoing response" date="2025-07-02T08:50:08.057" type="response" statusCode="202" statusText="Accepted" /><!-- duration: 26ms -->
</step><!-- duration: 900ms -->
