<step title="Incoming Request" date="2025-07-02T08:14:57.001" instance="978fb3" url="/api/deployments/latest" method="GET" type="request" pid="772,1,28" Accept="*/*" Host="langchain-rag-bot-20250702123642.scm.azurewebsites.net" User-Agent="AZURECLI/2.58.0 (MSI)" Accept-Encoding="gzip, deflate" Authorization="Bea..." x-ms-client-request-id="da16f1eb-571b-11f0-ba80-99c40e872c42" X-ARR-LOG-ID="da16f1eb-571b-11f0-ba80-99c40e872c42" CLIENT-IP="4.194.122.144:23892" X-SITE-DEPLOYMENT-ID="langchain-rag-bot-20250702123642" WAS-DEFAULT-HOSTNAME="langchain-rag-bot-20250702123642.scm.azurewebsites.net" X-Forwarded-Proto="https" X-AppService-Proto="https" X-Forwarded-TlsVersion="1.3" X-WAWS-Unencoded-URL="/api/deployments/latest" X-Client-IP="4.194.122.144" X-Client-Port="23892" >
  <step title="Cleanup Xml Logs" date="2025-07-02T08:14:57.020" >
    <step title="Cleanup Infos" date="2025-07-02T08:14:57.137" totalFiles="259" totalCleanup="99" /><!-- duration: 10ms -->
  </step><!-- duration: 136ms -->
  <step title="DeploymentService.GetResult" date="2025-07-02T08:14:57.212" >
    <step title="DeploymentService.GetLatestDeployment" date="2025-07-02T08:14:57.232" >
      <step title="DeploymentManager.GetResults" date="2025-07-02T08:14:57.252" /><!-- duration: 860ms -->
    </step><!-- duration: 966ms -->
  </step><!-- duration: 1033ms -->
  <step title="Outgoing response" date="2025-07-02T08:14:58.274" type="response" statusCode="202" statusText="Accepted" /><!-- duration: 17ms -->
</step><!-- duration: 1300ms -->
