<step title="Incoming Request" date="2025-07-02T08:10:29.763" instance="978fb3" url="/api/deployments/latest" method="GET" type="request" pid="772,1,29" Accept="*/*" Host="langchain-rag-bot-20250702123642.scm.azurewebsites.net" User-Agent="AZURECLI/2.58.0 (MSI)" Accept-Encoding="gzip, deflate" Authorization="Bea..." x-ms-client-request-id="da16f1eb-571b-11f0-ba80-99c40e872c42" X-ARR-LOG-ID="da16f1eb-571b-11f0-ba80-99c40e872c42" CLIENT-IP="4.194.122.170:45959" X-SITE-DEPLOYMENT-ID="langchain-rag-bot-20250702123642" WAS-DEFAULT-HOSTNAME="langchain-rag-bot-20250702123642.scm.azurewebsites.net" X-Forwarded-Proto="https" X-AppService-Proto="https" X-Forwarded-TlsVersion="1.3" X-WAWS-Unencoded-URL="/api/deployments/latest" X-Client-IP="4.194.122.170" X-Client-Port="45959" >
  <step title="Cleanup Xml Logs" date="2025-07-02T08:10:29.800" >
    <step title="Cleanup Infos" date="2025-07-02T08:10:29.878" totalFiles="205" totalCleanup="45" /><!-- duration: 18ms -->
  </step><!-- duration: 116ms -->
  <step title="DeploymentService.GetResult" date="2025-07-02T08:10:29.973" >
    <step title="DeploymentService.GetLatestDeployment" date="2025-07-02T08:10:29.986" >
      <step title="DeploymentManager.GetResults" date="2025-07-02T08:10:30.005" /><!-- duration: 566ms -->
    </step><!-- duration: 605ms -->
  </step><!-- duration: 621ms -->
  <step title="Outgoing response" date="2025-07-02T08:10:30.630" type="response" statusCode="202" statusText="Accepted" /><!-- duration: 9ms -->
</step><!-- duration: 890ms -->
