<step title="Incoming Request" date="2025-07-02T07:43:04.489" instance="978fb3" url="/api/zipdeploy?isAsync=true" method="POST" type="request" pid="770,1,5" Accept="*/*" Host="langchain-rag-bot-20250702123642.scm.azurewebsites.net" User-Agent="AZURECLI/2.58.0 (MSI)" Accept-Encoding="gzip, deflate" Authorization="Bea..." Cache-Control="no-cache" Content-Type="application/octet-stream" Content-Length="13713" x-ms-client-request-id="2acc1439-5718-11f0-a82b-99c40e872c42" X-ARR-LOG-ID="2acc1439-5718-11f0-a82b-99c40e872c42" CLIENT-IP="4.194.122.136:51660" X-SITE-DEPLOYMENT-ID="langchain-rag-bot-20250702123642" WAS-DEFAULT-HOSTNAME="langchain-rag-bot-20250702123642.scm.azurewebsites.net" X-Forwarded-Proto="https" X-AppService-Proto="https" X-Forwarded-TlsVersion="1.3" X-WAWS-Unencoded-URL="/api/zipdeploy?isAsync=true" X-Client-IP="4.194.122.136" X-Client-Port="51660" >
  <step title="ZipPushDeploy" date="2025-07-02T07:43:05.189" >
    <step title="ZipDeploy. Extract zip. Remote build." date="2025-07-02T07:43:05.207" /><!-- duration: 3ms -->
    <step title="None repository commit" date="2025-07-02T07:43:05.220" >
      <step title="Commit id: 6d7d2413-0051-448f-a95b-cdccfb341c74" date="2025-07-02T07:43:05.223" Message="N/A" AuthorName="N/A" AuthorEmail="N/A" /><!-- duration: 4ms -->
    </step><!-- duration: 14ms -->
    <step title="Starting PushDeployAsync" date="2025-07-02T07:43:05.237" /><!-- duration: 4ms -->
    <step title="Writing artifact to /tmp/zipdeploy/dc109487-715b-4d3b-b5c6-c95a2541a15c.zip" date="2025-07-02T07:43:05.267" >
      <step title="Writing multipart request body to /tmp/zipdeploy/dc109487-715b-4d3b-b5c6-c95a2541a15c.zip" date="2025-07-02T07:43:05.276" /><!-- duration: 11ms -->
    </step><!-- duration: 86ms -->
    <step title="Start deployment in the background" date="2025-07-02T07:43:05.431" >
      <step title="Acquiring Deployment Lock" date="2025-07-02T07:43:05.606" /><!-- duration: 9ms -->
      <step title="Acquired Deployment Lock" date="2025-07-02T07:43:05.715" /><!-- duration: 5ms -->
    </step><!-- duration: 441ms -->
  </step><!-- duration: 690ms -->
  <step title="Outgoing response" date="2025-07-02T07:43:05.906" type="response" statusCode="202" statusText="Accepted" /><!-- duration: 3ms -->
</step><!-- duration: 1425ms -->
