<step title="Incoming Request" date="2025-07-02T08:43:26.383" instance="978fb3" url="/api/deployments/latest" method="GET" type="request" pid="767,1,19" Accept="*/*" Host="langchain-rag-bot-20250702123642.scm.azurewebsites.net" User-Agent="AZURECLI/2.58.0 (MSI)" Accept-Encoding="gzip, deflate" Authorization="Bea..." x-ms-client-request-id="47d59d02-5720-11f0-8839-99c40e872c42" X-ARR-LOG-ID="47d59d02-5720-11f0-8839-99c40e872c42" CLIENT-IP="4.194.122.162:35980" X-SITE-DEPLOYMENT-ID="langchain-rag-bot-20250702123642" WAS-DEFAULT-HOSTNAME="langchain-rag-bot-20250702123642.scm.azurewebsites.net" X-Forwarded-Proto="https" X-AppService-Proto="https" X-Forwarded-TlsVersion="1.3" X-WAWS-Unencoded-URL="/api/deployments/latest" X-Client-IP="4.194.122.162" X-Client-Port="35980" >
  <step title="Cleanup Xml Logs" date="2025-07-02T08:43:26.403" >
    <step title="Cleanup Infos" date="2025-07-02T08:43:26.450" totalFiles="355" totalCleanup="195" /><!-- duration: 10ms -->
  </step><!-- duration: 66ms -->
  <step title="DeploymentService.GetResult" date="2025-07-02T08:43:26.499" >
    <step title="DeploymentService.GetLatestDeployment" date="2025-07-02T08:43:26.507" >
      <step title="DeploymentManager.GetResults" date="2025-07-02T08:43:26.517" /><!-- duration: 685ms -->
    </step><!-- duration: 722ms -->
  </step><!-- duration: 777ms -->
  <step title="Outgoing response" date="2025-07-02T08:43:27.295" type="response" statusCode="202" statusText="Accepted" /><!-- duration: 21ms -->
</step><!-- duration: 990ms -->
