<step title="Incoming Request" date="2025-07-02T08:42:12.354" instance="978fb3" url="/api/deployments/latest" method="GET" type="request" pid="767,1,15" Accept="*/*" Host="langchain-rag-bot-20250702123642.scm.azurewebsites.net" User-Agent="AZURECLI/2.58.0 (MSI)" Accept-Encoding="gzip, deflate" Authorization="Bea..." x-ms-client-request-id="47d59d02-5720-11f0-8839-99c40e872c42" X-ARR-LOG-ID="47d59d02-5720-11f0-8839-99c40e872c42" CLIENT-IP="4.194.122.144:4443" X-SITE-DEPLOYMENT-ID="langchain-rag-bot-20250702123642" WAS-DEFAULT-HOSTNAME="langchain-rag-bot-20250702123642.scm.azurewebsites.net" X-Forwarded-Proto="https" X-AppService-Proto="https" X-Forwarded-TlsVersion="1.3" X-WAWS-Unencoded-URL="/api/deployments/latest" X-Client-IP="4.194.122.144" X-Client-Port="4443" >
  <step title="Cleanup Xml Logs" date="2025-07-02T08:42:12.376" >
    <step title="Cleanup Infos" date="2025-07-02T08:42:12.463" totalFiles="343" totalCleanup="183" /><!-- duration: 116ms -->
  </step><!-- duration: 213ms -->
  <step title="DeploymentService.GetResult" date="2025-07-02T08:42:12.813" >
    <step title="DeploymentService.GetLatestDeployment" date="2025-07-02T08:42:12.897" >
      <step title="DeploymentManager.GetResults" date="2025-07-02T08:42:12.967" /><!-- duration: 1122ms -->
    </step><!-- duration: 1258ms -->
  </step><!-- duration: 1383ms -->
  <step title="Outgoing response" date="2025-07-02T08:42:14.298" type="response" statusCode="202" statusText="Accepted" /><!-- duration: 60ms -->
</step><!-- duration: 2014ms -->
