<step title="Incoming Request" date="2025-07-02T08:47:19.701" instance="978fb3" url="/api/deployments/latest" method="GET" type="request" pid="767,1,22" Accept="*/*" Host="langchain-rag-bot-20250702123642.scm.azurewebsites.net" User-Agent="AZURECLI/2.58.0 (MSI)" Accept-Encoding="gzip, deflate" Authorization="Bea..." x-ms-client-request-id="47d59d02-5720-11f0-8839-99c40e872c42" X-ARR-LOG-ID="47d59d02-5720-11f0-8839-99c40e872c42" CLIENT-IP="4.194.122.162:29590" X-SITE-DEPLOYMENT-ID="langchain-rag-bot-20250702123642" WAS-DEFAULT-HOSTNAME="langchain-rag-bot-20250702123642.scm.azurewebsites.net" X-Forwarded-Proto="https" X-AppService-Proto="https" X-Forwarded-TlsVersion="1.3" X-WAWS-Unencoded-URL="/api/deployments/latest" X-Client-IP="4.194.122.162" X-Client-Port="29590" >
  <step title="Cleanup Xml Logs" date="2025-07-02T08:47:19.721" >
    <step title="Cleanup Infos" date="2025-07-02T08:47:19.779" totalFiles="398" totalCleanup="238" /><!-- duration: 18ms -->
  </step><!-- duration: 113ms -->
  <step title="DeploymentService.GetResult" date="2025-07-02T08:47:19.902" >
    <step title="DeploymentService.GetLatestDeployment" date="2025-07-02T08:47:19.930" >
      <step title="DeploymentManager.GetResults" date="2025-07-02T08:47:19.950" /><!-- duration: 748ms -->
    </step><!-- duration: 827ms -->
  </step><!-- duration: 873ms -->
  <step title="Outgoing response" date="2025-07-02T08:47:20.806" type="response" statusCode="202" statusText="Accepted" /><!-- duration: 26ms -->
</step><!-- duration: 1190ms -->
