<step title="Incoming Request" date="2025-07-02T08:13:30.464" instance="978fb3" url="/api/deployments/latest" method="GET" type="request" pid="772,1,29" Accept="*/*" Host="langchain-rag-bot-20250702123642.scm.azurewebsites.net" User-Agent="AZURECLI/2.58.0 (MSI)" Accept-Encoding="gzip, deflate" Authorization="Bea..." x-ms-client-request-id="da16f1eb-571b-11f0-ba80-99c40e872c42" X-ARR-LOG-ID="da16f1eb-571b-11f0-ba80-99c40e872c42" CLIENT-IP="4.194.122.162:28757" X-SITE-DEPLOYMENT-ID="langchain-rag-bot-20250702123642" WAS-DEFAULT-HOSTNAME="langchain-rag-bot-20250702123642.scm.azurewebsites.net" X-Forwarded-Proto="https" X-AppService-Proto="https" X-Forwarded-TlsVersion="1.3" X-WAWS-Unencoded-URL="/api/deployments/latest" X-Client-IP="4.194.122.162" X-Client-Port="28757" >
  <step title="Cleanup Xml Logs" date="2025-07-02T08:13:30.483" >
    <step title="Cleanup Infos" date="2025-07-02T08:13:30.563" totalFiles="242" totalCleanup="82" /><!-- duration: 11ms -->
  </step><!-- duration: 99ms -->
  <step title="DeploymentService.GetResult" date="2025-07-02T08:13:30.612" >
    <step title="DeploymentService.GetLatestDeployment" date="2025-07-02T08:13:30.620" >
      <step title="DeploymentManager.GetResults" date="2025-07-02T08:13:30.630" /><!-- duration: 499ms -->
    </step><!-- duration: 521ms -->
  </step><!-- duration: 538ms -->
  <step title="Outgoing response" date="2025-07-02T08:13:31.190" type="response" statusCode="202" statusText="Accepted" /><!-- duration: 5ms -->
</step><!-- duration: 742ms -->
