<step title="Incoming Request" date="2025-07-02T08:10:08.476" instance="978fb3" url="/api/deployments/latest" method="GET" type="request" pid="772,1,24" Accept="*/*" Host="langchain-rag-bot-20250702123642.scm.azurewebsites.net" User-Agent="AZURECLI/2.58.0 (MSI)" Accept-Encoding="gzip, deflate" Authorization="Bea..." x-ms-client-request-id="da16f1eb-571b-11f0-ba80-99c40e872c42" X-ARR-LOG-ID="da16f1eb-571b-11f0-ba80-99c40e872c42" CLIENT-IP="4.194.122.144:4886" X-SITE-DEPLOYMENT-ID="langchain-rag-bot-20250702123642" WAS-DEFAULT-HOSTNAME="langchain-rag-bot-20250702123642.scm.azurewebsites.net" X-Forwarded-Proto="https" X-AppService-Proto="https" X-Forwarded-TlsVersion="1.3" X-WAWS-Unencoded-URL="/api/deployments/latest" X-Client-IP="4.194.122.144" X-Client-Port="4886" >
  <step title="Cleanup Xml Logs" date="2025-07-02T08:10:08.496" >
    <step title="Cleanup Infos" date="2025-07-02T08:10:08.546" totalFiles="201" totalCleanup="41" /><!-- duration: 18ms -->
  </step><!-- duration: 88ms -->
  <step title="DeploymentService.GetResult" date="2025-07-02T08:10:08.672" >
    <step title="DeploymentService.GetLatestDeployment" date="2025-07-02T08:10:08.682" >
      <step title="DeploymentManager.GetResults" date="2025-07-02T08:10:08.699" /><!-- duration: 718ms -->
    </step><!-- duration: 785ms -->
  </step><!-- duration: 806ms -->
  <step title="Outgoing response" date="2025-07-02T08:10:09.498" type="response" statusCode="202" statusText="Accepted" /><!-- duration: 7ms -->
</step><!-- duration: 1033ms -->
