<step title="Incoming Request" date="2025-07-02T08:17:18.076" instance="978fb3" url="/api/deployments/latest" method="GET" type="request" pid="772,1,22" Accept="*/*" Host="langchain-rag-bot-20250702123642.scm.azurewebsites.net" User-Agent="AZURECLI/2.58.0 (MSI)" Accept-Encoding="gzip, deflate" Authorization="Bea..." x-ms-client-request-id="da16f1eb-571b-11f0-ba80-99c40e872c42" X-ARR-LOG-ID="da16f1eb-571b-11f0-ba80-99c40e872c42" CLIENT-IP="4.194.122.162:6113" X-SITE-DEPLOYMENT-ID="langchain-rag-bot-20250702123642" WAS-DEFAULT-HOSTNAME="langchain-rag-bot-20250702123642.scm.azurewebsites.net" X-Forwarded-Proto="https" X-AppService-Proto="https" X-Forwarded-TlsVersion="1.3" X-WAWS-Unencoded-URL="/api/deployments/latest" X-Client-IP="4.194.122.162" X-Client-Port="6113" >
  <step title="Cleanup Xml Logs" date="2025-07-02T08:17:18.115" >
    <step title="Cleanup Infos" date="2025-07-02T08:17:18.220" totalFiles="286" totalCleanup="126" /><!-- duration: 51ms -->
  </step><!-- duration: 186ms -->
  <step title="DeploymentService.GetResult" date="2025-07-02T08:17:18.378" >
    <step title="DeploymentService.GetLatestDeployment" date="2025-07-02T08:17:18.405" >
      <step title="DeploymentManager.GetResults" date="2025-07-02T08:17:18.426" /><!-- duration: 1042ms -->
    </step><!-- duration: 1131ms -->
  </step><!-- duration: 1207ms -->
  <step title="Outgoing response" date="2025-07-02T08:17:19.606" type="response" statusCode="202" statusText="Accepted" /><!-- duration: 57ms -->
</step><!-- duration: 1634ms -->
