<step title="Incoming Request" date="2025-07-02T08:20:11.650" instance="978fb3" url="/api/deployments/latest" method="GET" type="request" pid="772,1,18" Accept="*/*" Host="langchain-rag-bot-20250702123642.scm.azurewebsites.net" User-Agent="AZURECLI/2.58.0 (MSI)" Accept-Encoding="gzip, deflate" Authorization="Bea..." x-ms-client-request-id="da16f1eb-571b-11f0-ba80-99c40e872c42" X-ARR-LOG-ID="da16f1eb-571b-11f0-ba80-99c40e872c42" CLIENT-IP="4.194.122.136:14103" X-SITE-DEPLOYMENT-ID="langchain-rag-bot-20250702123642" WAS-DEFAULT-HOSTNAME="langchain-rag-bot-20250702123642.scm.azurewebsites.net" X-Forwarded-Proto="https" X-AppService-Proto="https" X-Forwarded-TlsVersion="1.3" X-WAWS-Unencoded-URL="/api/deployments/latest" X-Client-IP="4.194.122.136" X-Client-Port="14103" >
  <step title="Cleanup Xml Logs" date="2025-07-02T08:20:11.666" >
    <step title="Cleanup Infos" date="2025-07-02T08:20:11.706" totalFiles="316" totalCleanup="156" /><!-- duration: 11ms -->
  </step><!-- duration: 59ms -->
  <step title="DeploymentService.GetResult" date="2025-07-02T08:20:11.765" >
    <step title="DeploymentService.GetLatestDeployment" date="2025-07-02T08:20:11.784" >
      <step title="DeploymentManager.GetResults" date="2025-07-02T08:20:11.803" /><!-- duration: 589ms -->
    </step><!-- duration: 619ms -->
  </step><!-- duration: 678ms -->
  <step title="Outgoing response" date="2025-07-02T08:20:12.605" type="response" statusCode="202" statusText="Accepted" /><!-- duration: 4ms -->
</step><!-- duration: 964ms -->
