<step title="Incoming Request" date="2025-07-02T08:53:19.909" instance="978fb3" url="/api/deployments/latest" method="GET" type="request" pid="767,1,22" Accept="*/*" Host="langchain-rag-bot-20250702123642.scm.azurewebsites.net" User-Agent="AZURECLI/2.58.0 (MSI)" Accept-Encoding="gzip, deflate" Authorization="Bea..." x-ms-client-request-id="47d59d02-5720-11f0-8839-99c40e872c42" X-ARR-LOG-ID="47d59d02-5720-11f0-8839-99c40e872c42" CLIENT-IP="4.194.122.136:44758" X-SITE-DEPLOYMENT-ID="langchain-rag-bot-20250702123642" WAS-DEFAULT-HOSTNAME="langchain-rag-bot-20250702123642.scm.azurewebsites.net" X-Forwarded-Proto="https" X-AppService-Proto="https" X-Forwarded-TlsVersion="1.3" X-WAWS-Unencoded-URL="/api/deployments/latest" X-Client-IP="4.194.122.136" X-Client-Port="44758" >
  <step title="Cleanup Xml Logs" date="2025-07-02T08:53:19.918" >
    <step title="Cleanup Infos" date="2025-07-02T08:53:19.965" totalFiles="465" totalCleanup="305" /><!-- duration: 9ms -->
  </step><!-- duration: 59ms -->
  <step title="DeploymentService.GetResult" date="2025-07-02T08:53:20.004" >
    <step title="DeploymentService.GetLatestDeployment" date="2025-07-02T08:53:20.007" >
      <step title="DeploymentManager.GetResults" date="2025-07-02T08:53:20.014" /><!-- duration: 1024ms -->
    </step><!-- duration: 1070ms -->
  </step><!-- duration: 1084ms -->
  <step title="Outgoing response" date="2025-07-02T08:53:21.114" type="response" statusCode="202" statusText="Accepted" /><!-- duration: 10ms -->
</step><!-- duration: 1225ms -->
