<step title="BackgroundTrace" date="2025-07-02T08:41:56.043" instance="978fb3" url="/api/zipdeploy" method="POST" >
  <step title="Creating temporary deployment - FetchDeploymentManager" date="2025-07-02T08:41:56.213" /><!-- duration: 4ms -->
  <step title="Creating temporary deployment" date="2025-07-02T08:41:56.223" /><!-- duration: 118ms -->
  <step title="Performing fetch based deployment" date="2025-07-02T08:41:56.415" >
    <step title="Cleaning up temp folders from previous zip deployments and extracting pushed zip file /tmp/zipdeploy/37975a97-c6e4-4ff2-aa17-6280fe7fdc6f.zip (0.02 MB) to /tmp/zipdeploy/extracted" date="2025-07-02T08:41:57.831" >
      <step title="ChmodRecursive Process exited with total time taken in ms: 222" date="2025-07-02T08:41:58.160" /><!-- duration: 10ms -->
    </step><!-- duration: 356ms -->
    <step title="Deployment timer started" date="2025-07-02T08:42:00.209" >
      <step title="DeploymentManager.Deploy(id:451ae777-3a9f-462e-b70e-5186ba265bcd)" date="2025-07-02T08:42:00.236" >
        <step title="Collecting changeset information" date="2025-07-02T08:42:00.296" /><!-- duration: 172ms -->
        <step title="Updating submodules" date="2025-07-02T08:42:00.478" /><!-- duration: 1197ms -->
        <step title="Determining deployment builder" date="2025-07-02T08:42:02.139" >
          <step title="Builder is OryxBuilder" date="2025-07-02T08:42:02.196" /><!-- duration: 10ms -->
        </step><!-- duration: 93ms -->
        <step title="PreDeployment: context.CleanOutputPath False" date="2025-07-02T08:42:02.338" >
          <step title="PreDeployment: context.OutputPath /home/site/wwwroot" date="2025-07-02T08:42:02.576" >
            <step title="Building" date="2025-07-02T08:42:02.881" >
              <step title="Executing external process" date="2025-07-02T08:42:03.916" type="process" path="bash" arguments="-c &quot;oryx build /tmp/zipdeploy/extracted -o /home/site/wwwroot --platform python --platform-version 3.11 -p virtualenv_name=antenv --log-file /tmp/build-debug.log  -i /tmp/8ddb94450e47856 --compress-destination-dir | tee /tmp/oryx-build.log ; exit $PIPESTATUS &quot;" >
                <step title="Cpu: python(936,26.320s)+ts(937,0.120s)+build.sh(935,0.000s)+build.sh(934,0.000s)+build.sh(819,0.050s)+oryx(795,6.280s)+tee(796,0.000s)+bash(793,0.000s)=total(32.760s)" date="2025-07-02T08:45:08.264" /><!-- duration: 39ms -->
                <step title="bash: no io activity for 61s, prev-cpu=-1.000s, current-cpu=32.760s" date="2025-07-02T08:45:08.350" /><!-- duration: 29ms -->
                <step title="Cpu: python(936,62.430s)+ts(937,0.200s)+build.sh(935,0.000s)+build.sh(934,0.000s)+build.sh(819,0.060s)+oryx(795,6.320s)+tee(796,0.000s)+bash(793,0.000s)=total(69.010s)" date="2025-07-02T08:46:08.647" /><!-- duration: 74ms -->
                <step title="bash: no io activity for 122s, prev-cpu=32.760s, current-cpu=69.010s" date="2025-07-02T08:46:08.750" /><!-- duration: 21ms -->
                <step title="Cpu: python(936,94.860s)+ts(937,0.240s)+build.sh(935,0.000s)+build.sh(934,0.000s)+build.sh(819,0.060s)+oryx(795,6.430s)+tee(796,0.000s)+bash(793,0.000s)=total(101.590s)" date="2025-07-02T08:47:09.157" /><!-- duration: 50ms -->
                <step title="bash: no io activity for 183s, prev-cpu=69.010s, current-cpu=101.590s" date="2025-07-02T08:47:09.289" /><!-- duration: 48ms -->
                <step title="Cpu: python(936,121.790s)+ts(937,0.240s)+build.sh(935,0.000s)+build.sh(934,0.000s)+build.sh(819,0.060s)+oryx(795,6.450s)+tee(796,0.000s)+bash(793,0.000s)=total(128.520s)" date="2025-07-02T08:48:09.866" /><!-- duration: 46ms -->
                <step title="bash: no io activity for 243s, prev-cpu=101.590s, current-cpu=128.520s" date="2025-07-02T08:48:10.006" /><!-- duration: 18ms -->
                <step title="Cpu: python(936,167.110s)+ts(937,0.240s)+build.sh(935,0.000s)+build.sh(934,0.000s)+build.sh(819,0.060s)+oryx(795,6.500s)+tee(796,0.000s)+bash(793,0.000s)=total(173.910s)" date="2025-07-02T08:49:10.440" /><!-- duration: 22ms -->
                <step title="bash: no io activity for 304s, prev-cpu=128.520s, current-cpu=173.910s" date="2025-07-02T08:49:10.507" /><!-- duration: 23ms -->
                <step title="Cpu: gzip(1221,34.620s)+sh(1220,0.000s)+tar(1219,3.260s)+build.sh(819,0.080s)+oryx(795,7.680s)+tee(796,0.000s)+bash(793,0.000s)=total(45.640s)" date="2025-07-02T08:52:27.633" /><!-- duration: 41ms -->
                <step title="bash: no io activity for 61s, prev-cpu=-1.000s, current-cpu=45.640s" date="2025-07-02T08:52:27.720" /><!-- duration: 50ms -->
                <step title="Cpu: gzip(1221,69.920s)+sh(1220,0.000s)+tar(1219,8.010s)+build.sh(819,0.080s)+oryx(795,7.700s)+tee(796,0.000s)+bash(793,0.000s)=total(85.710s)" date="2025-07-02T08:53:28.000" /><!-- duration: 26ms -->
                <step title="bash: no io activity for 121s, prev-cpu=45.640s, current-cpu=85.710s" date="2025-07-02T08:53:28.037" /><!-- duration: 10ms -->
              </step><!-- duration: 738627ms -->
              <step title="Using PythonDeploymentLogParser" date="2025-07-02T08:54:23.291" /><!-- duration: 12ms -->
              <step title="Triggering recycle (preview mode disabled)." date="2025-07-02T08:54:24.707" /><!-- duration: 15ms -->
              <step title="Modified file to trigger a restart of the app container." date="2025-07-02T08:54:24.775" /><!-- duration: 5ms -->
              <step title="Skip function trigger and logicapp sync because function is not enabled." date="2025-07-02T08:54:24.790" /><!-- duration: 10ms -->
            </step><!-- duration: 742873ms -->
          </step><!-- duration: 743186ms -->
          <step title="Cleaning up temp files" date="2025-07-02T08:54:25.766" /><!-- duration: 8399ms -->
          <step title="Cleaning up temp files" date="2025-07-02T08:54:34.176" /><!-- duration: 517ms -->
          <step title="Reloading status file with latest updates" date="2025-07-02T08:54:34.735" >
            <step title="WebHooksManager.PublishEventAsync: PostDeployment" date="2025-07-02T08:54:34.763" /><!-- duration: 124ms -->
          </step><!-- duration: 158ms -->
          <step title="Cleaning up temporary deployment - fetch deployment was successful" date="2025-07-02T08:54:34.902" /><!-- duration: 4ms -->
        </step><!-- duration: 752631ms -->
      </step><!-- duration: 754773ms -->
