<step title="Incoming Request" date="2025-07-02T08:13:11.494" instance="978fb3" url="/api/deployments/latest" method="GET" type="request" pid="772,1,29" Accept="*/*" Host="langchain-rag-bot-20250702123642.scm.azurewebsites.net" User-Agent="AZURECLI/2.58.0 (MSI)" Accept-Encoding="gzip, deflate" Authorization="Bea..." x-ms-client-request-id="da16f1eb-571b-11f0-ba80-99c40e872c42" X-ARR-LOG-ID="da16f1eb-571b-11f0-ba80-99c40e872c42" CLIENT-IP="4.194.122.162:27588" X-SITE-DEPLOYMENT-ID="langchain-rag-bot-20250702123642" WAS-DEFAULT-HOSTNAME="langchain-rag-bot-20250702123642.scm.azurewebsites.net" X-Forwarded-Proto="https" X-AppService-Proto="https" X-Forwarded-TlsVersion="1.3" X-WAWS-Unencoded-URL="/api/deployments/latest" X-Client-IP="4.194.122.162" X-Client-Port="27588" >
  <step title="Cleanup Xml Logs" date="2025-07-02T08:13:11.506" >
    <step title="Cleanup Infos" date="2025-07-02T08:13:11.583" totalFiles="238" totalCleanup="78" /><!-- duration: 10ms -->
  </step><!-- duration: 92ms -->
  <step title="DeploymentService.GetResult" date="2025-07-02T08:13:11.621" >
    <step title="DeploymentService.GetLatestDeployment" date="2025-07-02T08:13:11.625" >
      <step title="DeploymentManager.GetResults" date="2025-07-02T08:13:11.651" /><!-- duration: 393ms -->
    </step><!-- duration: 431ms -->
  </step><!-- duration: 454ms -->
  <step title="Outgoing response" date="2025-07-02T08:13:12.094" type="response" statusCode="202" statusText="Accepted" /><!-- duration: 8ms -->
</step><!-- duration: 620ms -->
