<step title="Incoming Request" date="2025-07-02T08:20:17.037" instance="978fb3" url="/api/deployments/latest" method="GET" type="request" pid="772,1,19" Accept="*/*" Host="langchain-rag-bot-20250702123642.scm.azurewebsites.net" User-Agent="AZURECLI/2.58.0 (MSI)" Accept-Encoding="gzip, deflate" Authorization="Bea..." x-ms-client-request-id="da16f1eb-571b-11f0-ba80-99c40e872c42" X-ARR-LOG-ID="da16f1eb-571b-11f0-ba80-99c40e872c42" CLIENT-IP="4.194.122.136:52366" X-SITE-DEPLOYMENT-ID="langchain-rag-bot-20250702123642" WAS-DEFAULT-HOSTNAME="langchain-rag-bot-20250702123642.scm.azurewebsites.net" X-Forwarded-Proto="https" X-AppService-Proto="https" X-Forwarded-TlsVersion="1.3" X-WAWS-Unencoded-URL="/api/deployments/latest" X-Client-IP="4.194.122.136" X-Client-Port="52366" >
  <step title="Cleanup Xml Logs" date="2025-07-02T08:20:17.049" >
    <step title="Cleanup Infos" date="2025-07-02T08:20:17.096" totalFiles="317" totalCleanup="157" /><!-- duration: 10ms -->
  </step><!-- duration: 68ms -->
  <step title="DeploymentService.GetResult" date="2025-07-02T08:20:17.145" >
    <step title="DeploymentService.GetLatestDeployment" date="2025-07-02T08:20:17.153" >
      <step title="DeploymentManager.GetResults" date="2025-07-02T08:20:17.163" /><!-- duration: 490ms -->
    </step><!-- duration: 522ms -->
  </step><!-- duration: 550ms -->
  <step title="Outgoing response" date="2025-07-02T08:20:17.720" type="response" statusCode="202" statusText="Accepted" /><!-- duration: 8ms -->
</step><!-- duration: 700ms -->
