<step title="Incoming Request" date="2025-07-02T08:11:15.463" instance="978fb3" url="/api/deployments/latest" method="GET" type="request" pid="772,1,24" Accept="*/*" Host="langchain-rag-bot-20250702123642.scm.azurewebsites.net" User-Agent="AZURECLI/2.58.0 (MSI)" Accept-Encoding="gzip, deflate" Authorization="Bea..." x-ms-client-request-id="da16f1eb-571b-11f0-ba80-99c40e872c42" X-ARR-LOG-ID="da16f1eb-571b-11f0-ba80-99c40e872c42" CLIENT-IP="4.194.122.136:19048" X-SITE-DEPLOYMENT-ID="langchain-rag-bot-20250702123642" WAS-DEFAULT-HOSTNAME="langchain-rag-bot-20250702123642.scm.azurewebsites.net" X-Forwarded-Proto="https" X-AppService-Proto="https" X-Forwarded-TlsVersion="1.3" X-WAWS-Unencoded-URL="/api/deployments/latest" X-Client-IP="4.194.122.136" X-Client-Port="19048" >
  <step title="Cleanup Xml Logs" date="2025-07-02T08:11:15.468" >
    <step title="Cleanup Infos" date="2025-07-02T08:11:15.483" totalFiles="215" totalCleanup="55" /><!-- duration: 5ms -->
  </step><!-- duration: 25ms -->
  <step title="DeploymentService.GetResult" date="2025-07-02T08:11:15.505" >
    <step title="DeploymentService.GetLatestDeployment" date="2025-07-02T08:11:15.508" >
      <step title="DeploymentManager.GetResults" date="2025-07-02T08:11:15.513" /><!-- duration: 273ms -->
    </step><!-- duration: 282ms -->
  </step><!-- duration: 290ms -->
  <step title="Outgoing response" date="2025-07-02T08:11:15.800" type="response" statusCode="202" statusText="Accepted" /><!-- duration: 3ms -->
</step><!-- duration: 345ms -->
