<step title="Incoming Request" date="2025-07-02T08:16:14.332" instance="978fb3" url="/api/deployments/latest" method="GET" type="request" pid="772,1,22" Accept="*/*" Host="langchain-rag-bot-20250702123642.scm.azurewebsites.net" User-Agent="AZURECLI/2.58.0 (MSI)" Accept-Encoding="gzip, deflate" Authorization="Bea..." x-ms-client-request-id="da16f1eb-571b-11f0-ba80-99c40e872c42" X-ARR-LOG-ID="da16f1eb-571b-11f0-ba80-99c40e872c42" CLIENT-IP="4.194.122.144:25247" X-SITE-DEPLOYMENT-ID="langchain-rag-bot-20250702123642" WAS-DEFAULT-HOSTNAME="langchain-rag-bot-20250702123642.scm.azurewebsites.net" X-Forwarded-Proto="https" X-AppService-Proto="https" X-Forwarded-TlsVersion="1.3" X-WAWS-Unencoded-URL="/api/deployments/latest" X-Client-IP="4.194.122.144" X-Client-Port="25247" >
  <step title="Cleanup Xml Logs" date="2025-07-02T08:16:14.350" >
    <step title="Cleanup Infos" date="2025-07-02T08:16:14.428" totalFiles="274" totalCleanup="114" /><!-- duration: 11ms -->
  </step><!-- duration: 98ms -->
  <step title="DeploymentService.GetResult" date="2025-07-02T08:16:14.497" >
    <step title="DeploymentService.GetLatestDeployment" date="2025-07-02T08:16:14.515" >
      <step title="DeploymentManager.GetResults" date="2025-07-02T08:16:14.555" /><!-- duration: 607ms -->
    </step><!-- duration: 657ms -->
  </step><!-- duration: 685ms -->
  <step title="Outgoing response" date="2025-07-02T08:16:15.198" type="response" statusCode="202" statusText="Accepted" /><!-- duration: 4ms -->
</step><!-- duration: 879ms -->
