<step title="Incoming Request" date="2025-07-02T08:45:34.087" instance="978fb3" url="/api/deployments/latest" method="GET" type="request" pid="767,1,25" Accept="*/*" Host="langchain-rag-bot-20250702123642.scm.azurewebsites.net" User-Agent="AZURECLI/2.58.0 (MSI)" Accept-Encoding="gzip, deflate" Authorization="Bea..." x-ms-client-request-id="47d59d02-5720-11f0-8839-99c40e872c42" X-ARR-LOG-ID="47d59d02-5720-11f0-8839-99c40e872c42" CLIENT-IP="4.194.122.170:47452" X-SITE-DEPLOYMENT-ID="langchain-rag-bot-20250702123642" WAS-DEFAULT-HOSTNAME="langchain-rag-bot-20250702123642.scm.azurewebsites.net" X-Forwarded-Proto="https" X-AppService-Proto="https" X-Forwarded-TlsVersion="1.3" X-WAWS-Unencoded-URL="/api/deployments/latest" X-Client-IP="4.194.122.170" X-Client-Port="47452" >
  <step title="Cleanup Xml Logs" date="2025-07-02T08:45:34.091" >
    <step title="Cleanup Infos" date="2025-07-02T08:45:34.121" totalFiles="378" totalCleanup="218" /><!-- duration: 4ms -->
  </step><!-- duration: 37ms -->
  <step title="DeploymentService.GetResult" date="2025-07-02T08:45:34.139" >
    <step title="DeploymentService.GetLatestDeployment" date="2025-07-02T08:45:34.142" >
      <step title="DeploymentManager.GetResults" date="2025-07-02T08:45:34.146" /><!-- duration: 419ms -->
    </step><!-- duration: 428ms -->
  </step><!-- duration: 434ms -->
  <step title="Outgoing response" date="2025-07-02T08:45:34.577" type="response" statusCode="202" statusText="Accepted" /><!-- duration: 5ms -->
</step><!-- duration: 500ms -->
