<step title="Incoming Request" date="2025-07-02T08:18:44.878" instance="978fb3" url="/api/deployments/latest" method="GET" type="request" pid="772,1,28" Accept="*/*" Host="langchain-rag-bot-20250702123642.scm.azurewebsites.net" User-Agent="AZURECLI/2.58.0 (MSI)" Accept-Encoding="gzip, deflate" Authorization="Bea..." x-ms-client-request-id="da16f1eb-571b-11f0-ba80-99c40e872c42" X-ARR-LOG-ID="da16f1eb-571b-11f0-ba80-99c40e872c42" CLIENT-IP="4.194.122.170:48661" X-SITE-DEPLOYMENT-ID="langchain-rag-bot-20250702123642" WAS-DEFAULT-HOSTNAME="langchain-rag-bot-20250702123642.scm.azurewebsites.net" X-Forwarded-Proto="https" X-AppService-Proto="https" X-Forwarded-TlsVersion="1.3" X-WAWS-Unencoded-URL="/api/deployments/latest" X-Client-IP="4.194.122.170" X-Client-Port="48661" >
  <step title="Cleanup Xml Logs" date="2025-07-02T08:18:44.888" >
    <step title="Cleanup Infos" date="2025-07-02T08:18:44.943" totalFiles="300" totalCleanup="140" /><!-- duration: 23ms -->
  </step><!-- duration: 96ms -->
  <step title="DeploymentService.GetResult" date="2025-07-02T08:18:45.005" >
    <step title="DeploymentService.GetLatestDeployment" date="2025-07-02T08:18:45.012" >
      <step title="DeploymentManager.GetResults" date="2025-07-02T08:18:45.020" /><!-- duration: 399ms -->
    </step><!-- duration: 416ms -->
  </step><!-- duration: 427ms -->
  <step title="Outgoing response" date="2025-07-02T08:18:45.448" type="response" statusCode="202" statusText="Accepted" /><!-- duration: 28ms -->
</step><!-- duration: 602ms -->
