<step title="Incoming Request" date="2025-07-02T08:43:02.390" instance="978fb3" url="/api/deployments/latest" method="GET" type="request" pid="767,1,19" Accept="*/*" Host="langchain-rag-bot-20250702123642.scm.azurewebsites.net" User-Agent="AZURECLI/2.58.0 (MSI)" Accept-Encoding="gzip, deflate" Authorization="Bea..." x-ms-client-request-id="47d59d02-5720-11f0-8839-99c40e872c42" X-ARR-LOG-ID="47d59d02-5720-11f0-8839-99c40e872c42" CLIENT-IP="4.194.122.144:40896" X-SITE-DEPLOYMENT-ID="langchain-rag-bot-20250702123642" WAS-DEFAULT-HOSTNAME="langchain-rag-bot-20250702123642.scm.azurewebsites.net" X-Forwarded-Proto="https" X-AppService-Proto="https" X-Forwarded-TlsVersion="1.3" X-WAWS-Unencoded-URL="/api/deployments/latest" X-Client-IP="4.194.122.144" X-Client-Port="40896" >
  <step title="Cleanup Xml Logs" date="2025-07-02T08:43:02.409" >
    <step title="Cleanup Infos" date="2025-07-02T08:43:02.472" totalFiles="351" totalCleanup="191" /><!-- duration: 13ms -->
  </step><!-- duration: 97ms -->
  <step title="DeploymentService.GetResult" date="2025-07-02T08:43:02.549" >
    <step title="DeploymentService.GetLatestDeployment" date="2025-07-02T08:43:02.560" >
      <step title="DeploymentManager.GetResults" date="2025-07-02T08:43:02.576" /><!-- duration: 800ms -->
    </step><!-- duration: 853ms -->
  </step><!-- duration: 883ms -->
  <step title="Outgoing response" date="2025-07-02T08:43:03.468" type="response" statusCode="202" statusText="Accepted" /><!-- duration: 57ms -->
</step><!-- duration: 1154ms -->
