<step title="Incoming Request" date="2025-07-02T08:21:06.677" instance="978fb3" url="/api/deployments/latest" method="GET" type="request" pid="772,1,28" Accept="*/*" Host="langchain-rag-bot-20250702123642.scm.azurewebsites.net" User-Agent="AZURECLI/2.58.0 (MSI)" Accept-Encoding="gzip, deflate" Authorization="Bea..." x-ms-client-request-id="da16f1eb-571b-11f0-ba80-99c40e872c42" X-ARR-LOG-ID="da16f1eb-571b-11f0-ba80-99c40e872c42" CLIENT-IP="4.194.122.136:43795" X-SITE-DEPLOYMENT-ID="langchain-rag-bot-20250702123642" WAS-DEFAULT-HOSTNAME="langchain-rag-bot-20250702123642.scm.azurewebsites.net" X-Forwarded-Proto="https" X-AppService-Proto="https" X-Forwarded-TlsVersion="1.3" X-WAWS-Unencoded-URL="/api/deployments/latest" X-Client-IP="4.194.122.136" X-Client-Port="43795" >
  <step title="Cleanup Xml Logs" date="2025-07-02T08:21:06.687" >
    <step title="Cleanup Infos" date="2025-07-02T08:21:06.725" totalFiles="327" totalCleanup="167" /><!-- duration: 10ms -->
  </step><!-- duration: 56ms -->
  <step title="DeploymentService.GetResult" date="2025-07-02T08:21:06.780" >
    <step title="DeploymentService.GetLatestDeployment" date="2025-07-02T08:21:06.784" >
      <step title="DeploymentManager.GetResults" date="2025-07-02T08:21:06.793" /><!-- duration: 436ms -->
    </step><!-- duration: 463ms -->
  </step><!-- duration: 475ms -->
  <step title="Outgoing response" date="2025-07-02T08:21:07.268" type="response" statusCode="202" statusText="Accepted" /><!-- duration: 9ms -->
</step><!-- duration: 610ms -->
