<step title="Incoming Request" date="2025-07-02T08:13:21.130" instance="978fb3" url="/api/deployments/latest" method="GET" type="request" pid="772,1,29" Accept="*/*" Host="langchain-rag-bot-20250702123642.scm.azurewebsites.net" User-Agent="AZURECLI/2.58.0 (MSI)" Accept-Encoding="gzip, deflate" Authorization="Bea..." x-ms-client-request-id="da16f1eb-571b-11f0-ba80-99c40e872c42" X-ARR-LOG-ID="da16f1eb-571b-11f0-ba80-99c40e872c42" CLIENT-IP="4.194.122.144:4454" X-SITE-DEPLOYMENT-ID="langchain-rag-bot-20250702123642" WAS-DEFAULT-HOSTNAME="langchain-rag-bot-20250702123642.scm.azurewebsites.net" X-Forwarded-Proto="https" X-AppService-Proto="https" X-Forwarded-TlsVersion="1.3" X-WAWS-Unencoded-URL="/api/deployments/latest" X-Client-IP="4.194.122.144" X-Client-Port="4454" >
  <step title="Cleanup Xml Logs" date="2025-07-02T08:13:21.136" >
    <step title="Cleanup Infos" date="2025-07-02T08:13:21.155" totalFiles="240" totalCleanup="80" /><!-- duration: 7ms -->
  </step><!-- duration: 30ms -->
  <step title="DeploymentService.GetResult" date="2025-07-02T08:13:21.180" >
    <step title="DeploymentService.GetLatestDeployment" date="2025-07-02T08:13:21.185" >
      <step title="DeploymentManager.GetResults" date="2025-07-02T08:13:21.193" /><!-- duration: 319ms -->
    </step><!-- duration: 333ms -->
  </step><!-- duration: 342ms -->
  <step title="Outgoing response" date="2025-07-02T08:13:21.527" type="response" statusCode="202" statusText="Accepted" /><!-- duration: 5ms -->
</step><!-- duration: 409ms -->
