<step title="Incoming Request" date="2025-07-02T08:17:55.331" instance="978fb3" url="/api/deployments/latest" method="GET" type="request" pid="772,1,22" Accept="*/*" Host="langchain-rag-bot-20250702123642.scm.azurewebsites.net" User-Agent="AZURECLI/2.58.0 (MSI)" Accept-Encoding="gzip, deflate" Authorization="Bea..." x-ms-client-request-id="da16f1eb-571b-11f0-ba80-99c40e872c42" X-ARR-LOG-ID="da16f1eb-571b-11f0-ba80-99c40e872c42" CLIENT-IP="4.194.122.162:38018" X-SITE-DEPLOYMENT-ID="langchain-rag-bot-20250702123642" WAS-DEFAULT-HOSTNAME="langchain-rag-bot-20250702123642.scm.azurewebsites.net" X-Forwarded-Proto="https" X-AppService-Proto="https" X-Forwarded-TlsVersion="1.3" X-WAWS-Unencoded-URL="/api/deployments/latest" X-Client-IP="4.194.122.162" X-Client-Port="38018" >
  <step title="Cleanup Xml Logs" date="2025-07-02T08:17:55.446" >
    <step title="Cleanup Infos" date="2025-07-02T08:17:55.547" totalFiles="292" totalCleanup="132" /><!-- duration: 47ms -->
  </step><!-- duration: 158ms -->
  <step title="DeploymentService.GetResult" date="2025-07-02T08:17:55.663" >
    <step title="DeploymentService.GetLatestDeployment" date="2025-07-02T08:17:55.691" >
      <step title="DeploymentManager.GetResults" date="2025-07-02T08:17:55.701" /><!-- duration: 1012ms -->
    </step><!-- duration: 1062ms -->
  </step><!-- duration: 1111ms -->
  <step title="Outgoing response" date="2025-07-02T08:17:56.802" type="response" statusCode="202" statusText="Accepted" /><!-- duration: 96ms -->
</step><!-- duration: 1594ms -->
