<step title="Incoming Request" date="2025-07-02T08:54:00.978" instance="978fb3" url="/api/deployments/latest" method="GET" type="request" pid="767,1,18" Accept="*/*" Host="langchain-rag-bot-20250702123642.scm.azurewebsites.net" User-Agent="AZURECLI/2.58.0 (MSI)" Accept-Encoding="gzip, deflate" Authorization="Bea..." x-ms-client-request-id="47d59d02-5720-11f0-8839-99c40e872c42" X-ARR-LOG-ID="47d59d02-5720-11f0-8839-99c40e872c42" CLIENT-IP="4.194.122.162:28307" X-SITE-DEPLOYMENT-ID="langchain-rag-bot-20250702123642" WAS-DEFAULT-HOSTNAME="langchain-rag-bot-20250702123642.scm.azurewebsites.net" X-Forwarded-Proto="https" X-AppService-Proto="https" X-Forwarded-TlsVersion="1.3" X-WAWS-Unencoded-URL="/api/deployments/latest" X-Client-IP="4.194.122.162" X-Client-Port="28307" >
  <step title="Cleanup Xml Logs" date="2025-07-02T08:54:00.987" >
    <step title="Cleanup Infos" date="2025-07-02T08:54:01.039" totalFiles="473" totalCleanup="313" /><!-- duration: 17ms -->
  </step><!-- duration: 72ms -->
  <step title="DeploymentService.GetResult" date="2025-07-02T08:54:01.085" >
    <step title="DeploymentService.GetLatestDeployment" date="2025-07-02T08:54:01.088" >
      <step title="DeploymentManager.GetResults" date="2025-07-02T08:54:01.097" /><!-- duration: 571ms -->
    </step><!-- duration: 589ms -->
  </step><!-- duration: 609ms -->
  <step title="Outgoing response" date="2025-07-02T08:54:01.716" type="response" statusCode="202" statusText="Accepted" /><!-- duration: 11ms -->
</step><!-- duration: 776ms -->
