<step title="Incoming Request" date="2025-07-02T08:52:11.409" instance="978fb3" url="/api/deployments/latest" method="GET" type="request" pid="767,1,18" Accept="*/*" Host="langchain-rag-bot-20250702123642.scm.azurewebsites.net" User-Agent="AZURECLI/2.58.0 (MSI)" Accept-Encoding="gzip, deflate" Authorization="Bea..." x-ms-client-request-id="47d59d02-5720-11f0-8839-99c40e872c42" X-ARR-LOG-ID="47d59d02-5720-11f0-8839-99c40e872c42" CLIENT-IP="4.194.122.162:6118" X-SITE-DEPLOYMENT-ID="langchain-rag-bot-20250702123642" WAS-DEFAULT-HOSTNAME="langchain-rag-bot-20250702123642.scm.azurewebsites.net" X-Forwarded-Proto="https" X-AppService-Proto="https" X-Forwarded-TlsVersion="1.3" X-WAWS-Unencoded-URL="/api/deployments/latest" X-Client-IP="4.194.122.162" X-Client-Port="6118" >
  <step title="Cleanup Xml Logs" date="2025-07-02T08:52:11.428" >
    <step title="Cleanup Infos" date="2025-07-02T08:52:11.515" totalFiles="452" totalCleanup="292" /><!-- duration: 12ms -->
  </step><!-- duration: 136ms -->
  <step title="DeploymentService.GetResult" date="2025-07-02T08:52:11.603" >
    <step title="DeploymentService.GetLatestDeployment" date="2025-07-02T08:52:11.612" >
      <step title="DeploymentManager.GetResults" date="2025-07-02T08:52:11.621" /><!-- duration: 570ms -->
    </step><!-- duration: 588ms -->
  </step><!-- duration: 615ms -->
  <step title="Outgoing response" date="2025-07-02T08:52:12.230" type="response" statusCode="202" statusText="Accepted" /><!-- duration: 7ms -->
</step><!-- duration: 838ms -->
