<step title="Incoming Request" date="2025-07-02T08:46:41.756" instance="978fb3" url="/api/deployments/latest" method="GET" type="request" pid="767,1,25" Accept="*/*" Host="langchain-rag-bot-20250702123642.scm.azurewebsites.net" User-Agent="AZURECLI/2.58.0 (MSI)" Accept-Encoding="gzip, deflate" Authorization="Bea..." x-ms-client-request-id="47d59d02-5720-11f0-8839-99c40e872c42" X-ARR-LOG-ID="47d59d02-5720-11f0-8839-99c40e872c42" CLIENT-IP="4.194.122.136:31585" X-SITE-DEPLOYMENT-ID="langchain-rag-bot-20250702123642" WAS-DEFAULT-HOSTNAME="langchain-rag-bot-20250702123642.scm.azurewebsites.net" X-Forwarded-Proto="https" X-AppService-Proto="https" X-Forwarded-TlsVersion="1.3" X-WAWS-Unencoded-URL="/api/deployments/latest" X-Client-IP="4.194.122.136" X-Client-Port="31585" >
  <step title="Cleanup Xml Logs" date="2025-07-02T08:46:41.767" >
    <step title="Cleanup Infos" date="2025-07-02T08:46:41.815" totalFiles="391" totalCleanup="231" /><!-- duration: 10ms -->
  </step><!-- duration: 67ms -->
  <step title="DeploymentService.GetResult" date="2025-07-02T08:46:41.862" >
    <step title="DeploymentService.GetLatestDeployment" date="2025-07-02T08:46:41.870" >
      <step title="DeploymentManager.GetResults" date="2025-07-02T08:46:41.883" /><!-- duration: 499ms -->
    </step><!-- duration: 521ms -->
  </step><!-- duration: 538ms -->
  <step title="Outgoing response" date="2025-07-02T08:46:42.414" type="response" statusCode="202" statusText="Accepted" /><!-- duration: 10ms -->
</step><!-- duration: 678ms -->
