<step title="Incoming Request" date="2025-07-02T08:43:43.419" instance="978fb3" url="/api/deployments/latest" method="GET" type="request" pid="767,1,19" Accept="*/*" Host="langchain-rag-bot-20250702123642.scm.azurewebsites.net" User-Agent="AZURECLI/2.58.0 (MSI)" Accept-Encoding="gzip, deflate" Authorization="Bea..." x-ms-client-request-id="47d59d02-5720-11f0-8839-99c40e872c42" X-ARR-LOG-ID="47d59d02-5720-11f0-8839-99c40e872c42" CLIENT-IP="4.194.122.136:31559" X-SITE-DEPLOYMENT-ID="langchain-rag-bot-20250702123642" WAS-DEFAULT-HOSTNAME="langchain-rag-bot-20250702123642.scm.azurewebsites.net" X-Forwarded-Proto="https" X-AppService-Proto="https" X-Forwarded-TlsVersion="1.3" X-WAWS-Unencoded-URL="/api/deployments/latest" X-Client-IP="4.194.122.136" X-Client-Port="31559" >
  <step title="Cleanup Xml Logs" date="2025-07-02T08:43:43.438" >
    <step title="Cleanup Infos" date="2025-07-02T08:43:43.631" totalFiles="358" totalCleanup="198" /><!-- duration: 50ms -->
  </step><!-- duration: 310ms -->
  <step title="DeploymentService.GetResult" date="2025-07-02T08:43:43.845" >
    <step title="DeploymentService.GetLatestDeployment" date="2025-07-02T08:43:43.871" >
      <step title="DeploymentManager.GetResults" date="2025-07-02T08:43:43.891" /><!-- duration: 1333ms -->
    </step><!-- duration: 1458ms -->
  </step><!-- duration: 1524ms -->
  <step title="Outgoing response" date="2025-07-02T08:43:45.390" type="response" statusCode="202" statusText="Accepted" /><!-- duration: 36ms -->
</step><!-- duration: 2019ms -->
