<step title="Incoming Request" date="2025-07-02T08:21:26.365" instance="978fb3" url="/api/deployments/latest" method="GET" type="request" pid="772,1,28" Accept="*/*" Host="langchain-rag-bot-20250702123642.scm.azurewebsites.net" User-Agent="AZURECLI/2.58.0 (MSI)" Accept-Encoding="gzip, deflate" Authorization="Bea..." x-ms-client-request-id="da16f1eb-571b-11f0-ba80-99c40e872c42" X-ARR-LOG-ID="da16f1eb-571b-11f0-ba80-99c40e872c42" CLIENT-IP="4.194.122.136:19734" X-SITE-DEPLOYMENT-ID="langchain-rag-bot-20250702123642" WAS-DEFAULT-HOSTNAME="langchain-rag-bot-20250702123642.scm.azurewebsites.net" X-Forwarded-Proto="https" X-AppService-Proto="https" X-Forwarded-TlsVersion="1.3" X-WAWS-Unencoded-URL="/api/deployments/latest" X-Client-IP="4.194.122.136" X-Client-Port="19734" >
  <step title="Cleanup Xml Logs" date="2025-07-02T08:21:26.375" >
    <step title="Cleanup Infos" date="2025-07-02T08:21:26.424" totalFiles="331" totalCleanup="171" /><!-- duration: 10ms -->
  </step><!-- duration: 68ms -->
  <step title="DeploymentService.GetResult" date="2025-07-02T08:21:26.472" >
    <step title="DeploymentService.GetLatestDeployment" date="2025-07-02T08:21:26.479" >
      <step title="DeploymentManager.GetResults" date="2025-07-02T08:21:26.490" /><!-- duration: 512ms -->
    </step><!-- duration: 532ms -->
  </step><!-- duration: 549ms -->
  <step title="Outgoing response" date="2025-07-02T08:21:27.033" type="response" statusCode="202" statusText="Accepted" /><!-- duration: 9ms -->
</step><!-- duration: 687ms -->
