<step title="Incoming Request" date="2025-07-02T08:49:08.780" instance="978fb3" url="/api/deployments/latest" method="GET" type="request" pid="767,1,22" Accept="*/*" Host="langchain-rag-bot-20250702123642.scm.azurewebsites.net" User-Agent="AZURECLI/2.58.0 (MSI)" Accept-Encoding="gzip, deflate" Authorization="Bea..." x-ms-client-request-id="47d59d02-5720-11f0-8839-99c40e872c42" X-ARR-LOG-ID="47d59d02-5720-11f0-8839-99c40e872c42" CLIENT-IP="4.194.122.162:6095" X-SITE-DEPLOYMENT-ID="langchain-rag-bot-20250702123642" WAS-DEFAULT-HOSTNAME="langchain-rag-bot-20250702123642.scm.azurewebsites.net" X-Forwarded-Proto="https" X-AppService-Proto="https" X-Forwarded-TlsVersion="1.3" X-WAWS-Unencoded-URL="/api/deployments/latest" X-Client-IP="4.194.122.162" X-Client-Port="6095" >
  <step title="Cleanup Xml Logs" date="2025-07-02T08:49:08.789" >
    <step title="Cleanup Infos" date="2025-07-02T08:49:08.848" totalFiles="418" totalCleanup="258" /><!-- duration: 9ms -->
  </step><!-- duration: 78ms -->
  <step title="DeploymentService.GetResult" date="2025-07-02T08:49:08.910" >
    <step title="DeploymentService.GetLatestDeployment" date="2025-07-02T08:49:08.920" >
      <step title="DeploymentManager.GetResults" date="2025-07-02T08:49:08.930" /><!-- duration: 523ms -->
    </step><!-- duration: 542ms -->
  </step><!-- duration: 560ms -->
  <step title="Outgoing response" date="2025-07-02T08:49:09.642" type="response" statusCode="202" statusText="Accepted" /><!-- duration: 4ms -->
</step><!-- duration: 875ms -->
