<step title="Incoming Request" date="2025-07-02T08:11:38.913" instance="978fb3" url="/api/deployments/latest" method="GET" type="request" pid="772,1,29" Accept="*/*" Host="langchain-rag-bot-20250702123642.scm.azurewebsites.net" User-Agent="AZURECLI/2.58.0 (MSI)" Accept-Encoding="gzip, deflate" Authorization="Bea..." x-ms-client-request-id="da16f1eb-571b-11f0-ba80-99c40e872c42" X-ARR-LOG-ID="da16f1eb-571b-11f0-ba80-99c40e872c42" CLIENT-IP="4.194.122.162:36557" X-SITE-DEPLOYMENT-ID="langchain-rag-bot-20250702123642" WAS-DEFAULT-HOSTNAME="langchain-rag-bot-20250702123642.scm.azurewebsites.net" X-Forwarded-Proto="https" X-AppService-Proto="https" X-Forwarded-TlsVersion="1.3" X-WAWS-Unencoded-URL="/api/deployments/latest" X-Client-IP="4.194.122.162" X-Client-Port="36557" >
  <step title="Cleanup Xml Logs" date="2025-07-02T08:11:38.918" >
    <step title="Cleanup Infos" date="2025-07-02T08:11:38.943" totalFiles="220" totalCleanup="60" /><!-- duration: 9ms -->
  </step><!-- duration: 50ms -->
  <step title="DeploymentService.GetResult" date="2025-07-02T08:11:38.998" >
    <step title="DeploymentService.GetLatestDeployment" date="2025-07-02T08:11:39.001" >
      <step title="DeploymentManager.GetResults" date="2025-07-02T08:11:39.011" /><!-- duration: 513ms -->
    </step><!-- duration: 543ms -->
  </step><!-- duration: 556ms -->
  <step title="Outgoing response" date="2025-07-02T08:11:39.571" type="response" statusCode="202" statusText="Accepted" /><!-- duration: 3ms -->
</step><!-- duration: 675ms -->
