<step title="Incoming Request" date="2025-07-02T08:43:57.258" instance="978fb3" url="/api/deployments/latest" method="GET" type="request" pid="767,1,24" Accept="*/*" Host="langchain-rag-bot-20250702123642.scm.azurewebsites.net" User-Agent="AZURECLI/2.58.0 (MSI)" Accept-Encoding="gzip, deflate" Authorization="Bea..." x-ms-client-request-id="47d59d02-5720-11f0-8839-99c40e872c42" X-ARR-LOG-ID="47d59d02-5720-11f0-8839-99c40e872c42" CLIENT-IP="4.194.122.170:16978" X-SITE-DEPLOYMENT-ID="langchain-rag-bot-20250702123642" WAS-DEFAULT-HOSTNAME="langchain-rag-bot-20250702123642.scm.azurewebsites.net" X-Forwarded-Proto="https" X-AppService-Proto="https" X-Forwarded-TlsVersion="1.3" X-WAWS-Unencoded-URL="/api/deployments/latest" X-Client-IP="4.194.122.170" X-Client-Port="16978" >
  <step title="Cleanup Xml Logs" date="2025-07-02T08:43:57.262" >
    <step title="Cleanup Infos" date="2025-07-02T08:43:57.284" totalFiles="360" totalCleanup="200" /><!-- duration: 4ms -->
  </step><!-- duration: 29ms -->
  <step title="DeploymentService.GetResult" date="2025-07-02T08:43:57.303" >
    <step title="DeploymentService.GetLatestDeployment" date="2025-07-02T08:43:57.306" >
      <step title="DeploymentManager.GetResults" date="2025-07-02T08:43:57.314" /><!-- duration: 1148ms -->
    </step><!-- duration: 1223ms -->
  </step><!-- duration: 1237ms -->
  <step title="Outgoing response" date="2025-07-02T08:43:58.605" type="response" statusCode="202" statusText="Accepted" /><!-- duration: 39ms -->
</step><!-- duration: 1415ms -->
