<step title="Incoming Request" date="2025-07-02T08:10:01.655" instance="978fb3" url="/api/deployments/latest" method="GET" type="request" pid="772,1,24" Accept="*/*" Host="langchain-rag-bot-20250702123642.scm.azurewebsites.net" User-Agent="AZURECLI/2.58.0 (MSI)" Accept-Encoding="gzip, deflate" Authorization="Bea..." x-ms-client-request-id="da16f1eb-571b-11f0-ba80-99c40e872c42" X-ARR-LOG-ID="da16f1eb-571b-11f0-ba80-99c40e872c42" CLIENT-IP="4.194.122.136:35117" X-SITE-DEPLOYMENT-ID="langchain-rag-bot-20250702123642" WAS-DEFAULT-HOSTNAME="langchain-rag-bot-20250702123642.scm.azurewebsites.net" X-Forwarded-Proto="https" X-AppService-Proto="https" X-Forwarded-TlsVersion="1.3" X-WAWS-Unencoded-URL="/api/deployments/latest" X-Client-IP="4.194.122.136" X-Client-Port="35117" >
  <step title="Cleanup Xml Logs" date="2025-07-02T08:10:01.682" >
    <step title="Cleanup Infos" date="2025-07-02T08:10:01.762" totalFiles="200" totalCleanup="40" /><!-- duration: 860ms -->
  </step><!-- duration: 950ms -->
  <step title="DeploymentService.GetResult" date="2025-07-02T08:10:02.905" >
    <step title="DeploymentService.GetLatestDeployment" date="2025-07-02T08:10:02.927" >
      <step title="DeploymentManager.GetResults" date="2025-07-02T08:10:02.937" /><!-- duration: 605ms -->
    </step><!-- duration: 626ms -->
  </step><!-- duration: 664ms -->
  <step title="Outgoing response" date="2025-07-02T08:10:03.609" type="response" statusCode="202" statusText="Accepted" /><!-- duration: 54ms -->
</step><!-- duration: 2066ms -->
