<step title="Incoming Request" date="2025-07-02T08:45:43.714" instance="978fb3" url="/api/deployments/latest" method="GET" type="request" pid="767,1,24" Accept="*/*" Host="langchain-rag-bot-20250702123642.scm.azurewebsites.net" User-Agent="AZURECLI/2.58.0 (MSI)" Accept-Encoding="gzip, deflate" Authorization="Bea..." x-ms-client-request-id="47d59d02-5720-11f0-8839-99c40e872c42" X-ARR-LOG-ID="47d59d02-5720-11f0-8839-99c40e872c42" CLIENT-IP="4.194.122.144:4433" X-SITE-DEPLOYMENT-ID="langchain-rag-bot-20250702123642" WAS-DEFAULT-HOSTNAME="langchain-rag-bot-20250702123642.scm.azurewebsites.net" X-Forwarded-Proto="https" X-AppService-Proto="https" X-Forwarded-TlsVersion="1.3" X-WAWS-Unencoded-URL="/api/deployments/latest" X-Client-IP="4.194.122.144" X-Client-Port="4433" >
  <step title="Cleanup Xml Logs" date="2025-07-02T08:45:43.724" >
    <step title="Cleanup Infos" date="2025-07-02T08:45:43.772" totalFiles="380" totalCleanup="220" /><!-- duration: 9ms -->
  </step><!-- duration: 66ms -->
  <step title="DeploymentService.GetResult" date="2025-07-02T08:45:43.829" >
    <step title="DeploymentService.GetLatestDeployment" date="2025-07-02T08:45:43.847" >
      <step title="DeploymentManager.GetResults" date="2025-07-02T08:45:43.867" /><!-- duration: 457ms -->
    </step><!-- duration: 495ms -->
  </step><!-- duration: 525ms -->
  <step title="Outgoing response" date="2025-07-02T08:45:44.390" type="response" statusCode="202" statusText="Accepted" /><!-- duration: 3ms -->
</step><!-- duration: 687ms -->
