<step title="Incoming Request" date="2025-07-02T08:51:19.321" instance="978fb3" url="/api/deployments/latest" method="GET" type="request" pid="767,1,22" Accept="*/*" Host="langchain-rag-bot-20250702123642.scm.azurewebsites.net" User-Agent="AZURECLI/2.58.0 (MSI)" Accept-Encoding="gzip, deflate" Authorization="Bea..." x-ms-client-request-id="47d59d02-5720-11f0-8839-99c40e872c42" X-ARR-LOG-ID="47d59d02-5720-11f0-8839-99c40e872c42" CLIENT-IP="4.194.122.162:38018" X-SITE-DEPLOYMENT-ID="langchain-rag-bot-20250702123642" WAS-DEFAULT-HOSTNAME="langchain-rag-bot-20250702123642.scm.azurewebsites.net" X-Forwarded-Proto="https" X-AppService-Proto="https" X-Forwarded-TlsVersion="1.3" X-WAWS-Unencoded-URL="/api/deployments/latest" X-Client-IP="4.194.122.162" X-Client-Port="38018" >
  <step title="Cleanup Xml Logs" date="2025-07-02T08:51:19.326" >
    <step title="Cleanup Infos" date="2025-07-02T08:51:19.397" totalFiles="442" totalCleanup="282" /><!-- duration: 10ms -->
  </step><!-- duration: 92ms -->
  <step title="DeploymentService.GetResult" date="2025-07-02T08:51:19.510" >
    <step title="DeploymentService.GetLatestDeployment" date="2025-07-02T08:51:19.527" >
      <step title="DeploymentManager.GetResults" date="2025-07-02T08:51:19.531" /><!-- duration: 452ms -->
    </step><!-- duration: 476ms -->
  </step><!-- duration: 518ms -->
  <step title="Outgoing response" date="2025-07-02T08:51:20.034" type="response" statusCode="202" statusText="Accepted" /><!-- duration: 4ms -->
</step><!-- duration: 721ms -->
