<step title="Incoming Request" date="2025-07-02T08:21:01.482" instance="978fb3" url="/api/deployments/latest" method="GET" type="request" pid="772,1,28" Accept="*/*" Host="langchain-rag-bot-20250702123642.scm.azurewebsites.net" User-Agent="AZURECLI/2.58.0 (MSI)" Accept-Encoding="gzip, deflate" Authorization="Bea..." x-ms-client-request-id="da16f1eb-571b-11f0-ba80-99c40e872c42" X-ARR-LOG-ID="da16f1eb-571b-11f0-ba80-99c40e872c42" CLIENT-IP="4.194.122.170:16087" X-SITE-DEPLOYMENT-ID="langchain-rag-bot-20250702123642" WAS-DEFAULT-HOSTNAME="langchain-rag-bot-20250702123642.scm.azurewebsites.net" X-Forwarded-Proto="https" X-AppService-Proto="https" X-Forwarded-TlsVersion="1.3" X-WAWS-Unencoded-URL="/api/deployments/latest" X-Client-IP="4.194.122.170" X-Client-Port="16087" >
  <step title="Cleanup Xml Logs" date="2025-07-02T08:21:01.500" >
    <step title="Cleanup Infos" date="2025-07-02T08:21:01.595" totalFiles="326" totalCleanup="166" /><!-- duration: 23ms -->
  </step><!-- duration: 134ms -->
  <step title="DeploymentService.GetResult" date="2025-07-02T08:21:01.701" >
    <step title="DeploymentService.GetLatestDeployment" date="2025-07-02T08:21:01.714" >
      <step title="DeploymentManager.GetResults" date="2025-07-02T08:21:01.743" /><!-- duration: 523ms -->
    </step><!-- duration: 579ms -->
  </step><!-- duration: 602ms -->
  <step title="Outgoing response" date="2025-07-02T08:21:02.321" type="response" statusCode="202" statusText="Accepted" /><!-- duration: 3ms -->
</step><!-- duration: 852ms -->
