<step title="Incoming Request" date="2025-07-02T08:43:19.232" instance="978fb3" url="/api/deployments/latest" method="GET" type="request" pid="767,1,19" Accept="*/*" Host="langchain-rag-bot-20250702123642.scm.azurewebsites.net" User-Agent="AZURECLI/2.58.0 (MSI)" Accept-Encoding="gzip, deflate" Authorization="Bea..." x-ms-client-request-id="47d59d02-5720-11f0-8839-99c40e872c42" X-ARR-LOG-ID="47d59d02-5720-11f0-8839-99c40e872c42" CLIENT-IP="4.194.122.162:2764" X-SITE-DEPLOYMENT-ID="langchain-rag-bot-20250702123642" WAS-DEFAULT-HOSTNAME="langchain-rag-bot-20250702123642.scm.azurewebsites.net" X-Forwarded-Proto="https" X-AppService-Proto="https" X-Forwarded-TlsVersion="1.3" X-WAWS-Unencoded-URL="/api/deployments/latest" X-Client-IP="4.194.122.162" X-Client-Port="2764" >
  <step title="Cleanup Xml Logs" date="2025-07-02T08:43:19.393" >
    <step title="Cleanup Infos" date="2025-07-02T08:43:19.545" totalFiles="354" totalCleanup="194" /><!-- duration: 199ms -->
  </step><!-- duration: 391ms -->
  <step title="DeploymentService.GetResult" date="2025-07-02T08:43:19.851" >
    <step title="DeploymentService.GetLatestDeployment" date="2025-07-02T08:43:19.863" >
      <step title="DeploymentManager.GetResults" date="2025-07-02T08:43:19.919" /><!-- duration: 1505ms -->
    </step><!-- duration: 1629ms -->
  </step><!-- duration: 1690ms -->
  <step title="Outgoing response" date="2025-07-02T08:43:21.625" type="response" statusCode="202" statusText="Accepted" /><!-- duration: 76ms -->
</step><!-- duration: 2538ms -->
