<step title="Incoming Request" date="2025-07-02T08:49:24.809" instance="978fb3" url="/api/deployments/latest" method="GET" type="request" pid="767,1,22" Accept="*/*" Host="langchain-rag-bot-20250702123642.scm.azurewebsites.net" User-Agent="AZURECLI/2.58.0 (MSI)" Accept-Encoding="gzip, deflate" Authorization="Bea..." x-ms-client-request-id="47d59d02-5720-11f0-8839-99c40e872c42" X-ARR-LOG-ID="47d59d02-5720-11f0-8839-99c40e872c42" CLIENT-IP="4.194.122.144:25249" X-SITE-DEPLOYMENT-ID="langchain-rag-bot-20250702123642" WAS-DEFAULT-HOSTNAME="langchain-rag-bot-20250702123642.scm.azurewebsites.net" X-Forwarded-Proto="https" X-AppService-Proto="https" X-Forwarded-TlsVersion="1.3" X-WAWS-Unencoded-URL="/api/deployments/latest" X-Client-IP="4.194.122.144" X-Client-Port="25249" >
  <step title="Cleanup Xml Logs" date="2025-07-02T08:49:24.828" >
    <step title="Cleanup Infos" date="2025-07-02T08:49:24.886" totalFiles="421" totalCleanup="261" /><!-- duration: 10ms -->
  </step><!-- duration: 76ms -->
  <step title="DeploymentService.GetResult" date="2025-07-02T08:49:24.932" >
    <step title="DeploymentService.GetLatestDeployment" date="2025-07-02T08:49:24.952" >
      <step title="DeploymentManager.GetResults" date="2025-07-02T08:49:24.964" /><!-- duration: 486ms -->
    </step><!-- duration: 519ms -->
  </step><!-- duration: 548ms -->
  <step title="Outgoing response" date="2025-07-02T08:49:25.498" type="response" statusCode="202" statusText="Accepted" /><!-- duration: 3ms -->
</step><!-- duration: 703ms -->
