<step title="Incoming Request" date="2025-07-02T08:44:29.608" instance="978fb3" url="/api/deployments/latest" method="GET" type="request" pid="767,1,24" Accept="*/*" Host="langchain-rag-bot-20250702123642.scm.azurewebsites.net" User-Agent="AZURECLI/2.58.0 (MSI)" Accept-Encoding="gzip, deflate" Authorization="Bea..." x-ms-client-request-id="47d59d02-5720-11f0-8839-99c40e872c42" X-ARR-LOG-ID="47d59d02-5720-11f0-8839-99c40e872c42" CLIENT-IP="4.194.122.170:10657" X-SITE-DEPLOYMENT-ID="langchain-rag-bot-20250702123642" WAS-DEFAULT-HOSTNAME="langchain-rag-bot-20250702123642.scm.azurewebsites.net" X-Forwarded-Proto="https" X-AppService-Proto="https" X-Forwarded-TlsVersion="1.3" X-WAWS-Unencoded-URL="/api/deployments/latest" X-Client-IP="4.194.122.170" X-Client-Port="10657" >
  <step title="Cleanup Xml Logs" date="2025-07-02T08:44:29.619" >
    <step title="Cleanup Infos" date="2025-07-02T08:44:29.660" totalFiles="366" totalCleanup="206" /><!-- duration: 9ms -->
  </step><!-- duration: 59ms -->
  <step title="DeploymentService.GetResult" date="2025-07-02T08:44:29.705" >
    <step title="DeploymentService.GetLatestDeployment" date="2025-07-02T08:44:29.712" >
      <step title="DeploymentManager.GetResults" date="2025-07-02T08:44:29.731" /><!-- duration: 543ms -->
    </step><!-- duration: 571ms -->
  </step><!-- duration: 595ms -->
  <step title="Outgoing response" date="2025-07-02T08:44:30.321" type="response" statusCode="202" statusText="Accepted" /><!-- duration: 9ms -->
</step><!-- duration: 731ms -->
