<step title="Incoming Request" date="2025-07-02T07:46:40.874" instance="978fb3" url="/api/zipdeploy?isAsync=true" method="POST" type="request" pid="768,1,7" Accept="*/*" Host="langchain-rag-bot-20250702123642.scm.azurewebsites.net" User-Agent="AZURECLI/2.58.0 (MSI)" Accept-Encoding="gzip, deflate" Authorization="Bea..." Cache-Control="no-cache" Content-Type="application/octet-stream" Content-Length="13713" x-ms-client-request-id="abe1cfee-5718-11f0-8d79-99c40e872c42" X-ARR-LOG-ID="abe1cfee-5718-11f0-8d79-99c40e872c42" CLIENT-IP="4.194.122.162:6214" X-SITE-DEPLOYMENT-ID="langchain-rag-bot-20250702123642" WAS-DEFAULT-HOSTNAME="langchain-rag-bot-20250702123642.scm.azurewebsites.net" X-Forwarded-Proto="https" X-AppService-Proto="https" X-Forwarded-TlsVersion="1.3" X-WAWS-Unencoded-URL="/api/zipdeploy?isAsync=true" X-Client-IP="4.194.122.162" X-Client-Port="6214" >
  <step title="Cleanup Xml Logs" date="2025-07-02T07:46:40.880" /><!-- duration: 10ms -->
  <step title="ZipPushDeploy" date="2025-07-02T07:46:41.542" >
    <step title="ZipDeploy. Extract zip. Remote build." date="2025-07-02T07:46:41.560" /><!-- duration: 3ms -->
    <step title="None repository commit" date="2025-07-02T07:46:41.572" >
      <step title="Commit id: 1b21a34b-f82e-4c2c-857c-7239d286fe76" date="2025-07-02T07:46:41.575" Message="N/A" AuthorName="N/A" AuthorEmail="N/A" /><!-- duration: 4ms -->
    </step><!-- duration: 12ms -->
    <step title="Starting PushDeployAsync" date="2025-07-02T07:46:41.588" /><!-- duration: 7ms -->
    <step title="Writing artifact to /tmp/zipdeploy/ab0c9f53-5be8-4b89-b3e1-72f426db8097.zip" date="2025-07-02T07:46:41.628" >
      <step title="Writing multipart request body to /tmp/zipdeploy/ab0c9f53-5be8-4b89-b3e1-72f426db8097.zip" date="2025-07-02T07:46:41.631" /><!-- duration: 3ms -->
    </step><!-- duration: 75ms -->
    <step title="Start deployment in the background" date="2025-07-02T07:46:41.738" >
      <step title="Acquiring Deployment Lock" date="2025-07-02T07:46:41.770" /><!-- duration: 10ms -->
      <step title="Acquired Deployment Lock" date="2025-07-02T07:46:41.866" /><!-- duration: 4ms -->
    </step><!-- duration: 264ms -->
  </step><!-- duration: 473ms -->
  <step title="Outgoing response" date="2025-07-02T07:46:42.046" type="response" statusCode="202" statusText="Accepted" /><!-- duration: 4ms -->
</step><!-- duration: 1180ms -->
