<step title="Incoming Request" date="2025-07-02T08:59:57.536" instance="978fb3" url="/api/zipdeploy?isAsync=true" method="POST" type="request" pid="767,1,15" Accept="*/*" Host="langchain-rag-bot-20250702123642.scm.azurewebsites.net" User-Agent="AZURECLI/2.58.0 (MSI)" Accept-Encoding="gzip, deflate" Authorization="Bea..." Cache-Control="no-cache" Content-Type="application/octet-stream" Content-Length="685" x-ms-client-request-id="e7913544-5722-11f0-95b7-99c40e872c42" X-ARR-LOG-ID="e7913544-5722-11f0-95b7-99c40e872c42" CLIENT-IP="4.194.122.136:19738" X-SITE-DEPLOYMENT-ID="langchain-rag-bot-20250702123642" WAS-DEFAULT-HOSTNAME="langchain-rag-bot-20250702123642.scm.azurewebsites.net" X-Forwarded-Proto="https" X-AppService-Proto="https" X-Forwarded-TlsVersion="1.3" X-WAWS-Unencoded-URL="/api/zipdeploy?isAsync=true" X-Client-IP="4.194.122.136" X-Client-Port="19738" >
  <step title="Cleanup Xml Logs" date="2025-07-02T08:59:57.572" >
    <step title="Cleanup Infos" date="2025-07-02T08:59:57.689" totalFiles="480" totalCleanup="320" /><!-- duration: 68ms -->
  </step><!-- duration: 196ms -->
  <step title="ZipPushDeploy" date="2025-07-02T09:00:00.588" >
    <step title="ZipDeploy. Extract zip. Remote build." date="2025-07-02T09:00:00.682" /><!-- duration: 11ms -->
    <step title="None repository commit" date="2025-07-02T09:00:00.759" >
      <step title="Commit id: 00bfbd8d-046c-454f-9487-64e1268fb21e" date="2025-07-02T09:00:00.769" Message="N/A" AuthorName="N/A" AuthorEmail="N/A" /><!-- duration: 9ms -->
    </step><!-- duration: 27ms -->
    <step title="Starting PushDeployAsync" date="2025-07-02T09:00:00.798" /><!-- duration: 10ms -->
    <step title="Writing artifact to /tmp/zipdeploy/33288822-578b-4880-b0b2-7eb869e035c7.zip" date="2025-07-02T09:00:00.876" >
      <step title="Writing multipart request body to /tmp/zipdeploy/33288822-578b-4880-b0b2-7eb869e035c7.zip" date="2025-07-02T09:00:00.921" /><!-- duration: 11ms -->
    </step><!-- duration: 109ms -->
    <step title="Removing previous build artifact&apos;s manifest file" date="2025-07-02T09:00:01.001" >
      <step title="Start deployment in the background" date="2025-07-02T09:00:01.099" >
        <step title="Acquiring Deployment Lock" date="2025-07-02T09:00:01.299" /><!-- duration: 82ms -->
        <step title="Acquired Deployment Lock" date="2025-07-02T09:00:01.616" /><!-- duration: 37ms -->
      </step><!-- duration: 1322ms -->
    </step><!-- duration: 1588ms -->
    <step title="Outgoing response" date="2025-07-02T09:00:02.913" type="response" statusCode="202" statusText="Accepted" /><!-- duration: 20ms -->
  </step><!-- duration: 2362ms -->
