<step title="Incoming Request" date="2025-07-02T08:12:19.606" instance="978fb3" url="/api/deployments/latest" method="GET" type="request" pid="772,1,29" Accept="*/*" Host="langchain-rag-bot-20250702123642.scm.azurewebsites.net" User-Agent="AZURECLI/2.58.0 (MSI)" Accept-Encoding="gzip, deflate" Authorization="Bea..." x-ms-client-request-id="da16f1eb-571b-11f0-ba80-99c40e872c42" X-ARR-LOG-ID="da16f1eb-571b-11f0-ba80-99c40e872c42" CLIENT-IP="4.194.122.136:11090" X-SITE-DEPLOYMENT-ID="langchain-rag-bot-20250702123642" WAS-DEFAULT-HOSTNAME="langchain-rag-bot-20250702123642.scm.azurewebsites.net" X-Forwarded-Proto="https" X-AppService-Proto="https" X-Forwarded-TlsVersion="1.3" X-WAWS-Unencoded-URL="/api/deployments/latest" X-Client-IP="4.194.122.136" X-Client-Port="11090" >
  <step title="Cleanup Xml Logs" date="2025-07-02T08:12:19.616" >
    <step title="Cleanup Infos" date="2025-07-02T08:12:19.709" totalFiles="228" totalCleanup="68" /><!-- duration: 20ms -->
  </step><!-- duration: 132ms -->
  <step title="DeploymentService.GetResult" date="2025-07-02T08:12:19.787" >
    <step title="DeploymentService.GetLatestDeployment" date="2025-07-02T08:12:19.826" >
      <step title="DeploymentManager.GetResults" date="2025-07-02T08:12:19.836" /><!-- duration: 741ms -->
    </step><!-- duration: 781ms -->
  </step><!-- duration: 862ms -->
  <step title="Outgoing response" date="2025-07-02T08:12:20.676" type="response" statusCode="202" statusText="Accepted" /><!-- duration: 10ms -->
</step><!-- duration: 1091ms -->
