<step title="Incoming Request" date="2025-07-02T09:00:53.504" instance="978fb3" url="/api/deployments/latest" method="GET" type="request" pid="767,1,23" Accept="*/*" Host="langchain-rag-bot-20250702123642.scm.azurewebsites.net" User-Agent="AZURECLI/2.58.0 (MSI)" Accept-Encoding="gzip, deflate" Authorization="Bea..." x-ms-client-request-id="e7913544-5722-11f0-95b7-99c40e872c42" X-ARR-LOG-ID="e7913544-5722-11f0-95b7-99c40e872c42" CLIENT-IP="4.194.122.170:47448" X-SITE-DEPLOYMENT-ID="langchain-rag-bot-20250702123642" WAS-DEFAULT-HOSTNAME="langchain-rag-bot-20250702123642.scm.azurewebsites.net" X-Forwarded-Proto="https" X-AppService-Proto="https" X-Forwarded-TlsVersion="1.3" X-WAWS-Unencoded-URL="/api/deployments/latest" X-Client-IP="4.194.122.170" X-Client-Port="47448" >
  <step title="Cleanup Xml Logs" date="2025-07-02T09:00:53.516" >
    <step title="Cleanup Infos" date="2025-07-02T09:00:53.621" totalFiles="489" totalCleanup="329" /><!-- duration: 19ms -->
  </step><!-- duration: 141ms -->
  <step title="DeploymentService.GetResult" date="2025-07-02T09:00:53.706" >
    <step title="DeploymentService.GetLatestDeployment" date="2025-07-02T09:00:53.709" >
      <step title="DeploymentManager.GetResults" date="2025-07-02T09:00:53.727" /><!-- duration: 1067ms -->
    </step><!-- duration: 1121ms -->
  </step><!-- duration: 1152ms -->
  <step title="Outgoing response" date="2025-07-02T09:00:54.898" type="response" statusCode="202" statusText="Accepted" /><!-- duration: 11ms -->
</step><!-- duration: 1433ms -->
