<step title="Incoming Request" date="2025-07-02T08:48:15.204" instance="978fb3" url="/api/deployments/latest" method="GET" type="request" pid="767,1,25" Accept="*/*" Host="langchain-rag-bot-20250702123642.scm.azurewebsites.net" User-Agent="AZURECLI/2.58.0 (MSI)" Accept-Encoding="gzip, deflate" Authorization="Bea..." x-ms-client-request-id="47d59d02-5720-11f0-8839-99c40e872c42" X-ARR-LOG-ID="47d59d02-5720-11f0-8839-99c40e872c42" CLIENT-IP="4.194.122.162:56451" X-SITE-DEPLOYMENT-ID="langchain-rag-bot-20250702123642" WAS-DEFAULT-HOSTNAME="langchain-rag-bot-20250702123642.scm.azurewebsites.net" X-Forwarded-Proto="https" X-AppService-Proto="https" X-Forwarded-TlsVersion="1.3" X-WAWS-Unencoded-URL="/api/deployments/latest" X-Client-IP="4.194.122.162" X-Client-Port="56451" >
  <step title="Cleanup Xml Logs" date="2025-07-02T08:48:15.213" >
    <step title="Cleanup Infos" date="2025-07-02T08:48:15.249" totalFiles="408" totalCleanup="248" /><!-- duration: 10ms -->
  </step><!-- duration: 54ms -->
  <step title="DeploymentService.GetResult" date="2025-07-02T08:48:15.292" >
    <step title="DeploymentService.GetLatestDeployment" date="2025-07-02T08:48:15.295" >
      <step title="DeploymentManager.GetResults" date="2025-07-02T08:48:15.304" /><!-- duration: 598ms -->
    </step><!-- duration: 628ms -->
  </step><!-- duration: 657ms -->
  <step title="Outgoing response" date="2025-07-02T08:48:15.961" type="response" statusCode="202" statusText="Accepted" /><!-- duration: 9ms -->
</step><!-- duration: 776ms -->
