<step title="Incoming Request" date="2025-07-02T08:51:39.344" instance="978fb3" url="/api/deployments/latest" method="GET" type="request" pid="767,1,22" Accept="*/*" Host="langchain-rag-bot-20250702123642.scm.azurewebsites.net" User-Agent="AZURECLI/2.58.0 (MSI)" Accept-Encoding="gzip, deflate" Authorization="Bea..." x-ms-client-request-id="47d59d02-5720-11f0-8839-99c40e872c42" X-ARR-LOG-ID="47d59d02-5720-11f0-8839-99c40e872c42" CLIENT-IP="4.194.122.144:4436" X-SITE-DEPLOYMENT-ID="langchain-rag-bot-20250702123642" WAS-DEFAULT-HOSTNAME="langchain-rag-bot-20250702123642.scm.azurewebsites.net" X-Forwarded-Proto="https" X-AppService-Proto="https" X-Forwarded-TlsVersion="1.3" X-WAWS-Unencoded-URL="/api/deployments/latest" X-Client-IP="4.194.122.144" X-Client-Port="4436" >
  <step title="Cleanup Xml Logs" date="2025-07-02T08:51:39.354" >
    <step title="Cleanup Infos" date="2025-07-02T08:51:39.491" totalFiles="446" totalCleanup="286" /><!-- duration: 12ms -->
  </step><!-- duration: 156ms -->
  <step title="DeploymentService.GetResult" date="2025-07-02T08:51:39.540" >
    <step title="DeploymentService.GetLatestDeployment" date="2025-07-02T08:51:39.543" >
      <step title="DeploymentManager.GetResults" date="2025-07-02T08:51:39.560" /><!-- duration: 571ms -->
    </step><!-- duration: 598ms -->
  </step><!-- duration: 610ms -->
  <step title="Outgoing response" date="2025-07-02T08:51:40.162" type="response" statusCode="202" statusText="Accepted" /><!-- duration: 8ms -->
</step><!-- duration: 836ms -->
