<step title="Incoming Request" date="2025-07-02T08:50:19.328" instance="978fb3" url="/api/deployments/latest" method="GET" type="request" pid="767,1,25" Accept="*/*" Host="langchain-rag-bot-20250702123642.scm.azurewebsites.net" User-Agent="AZURECLI/2.58.0 (MSI)" Accept-Encoding="gzip, deflate" Authorization="Bea..." x-ms-client-request-id="47d59d02-5720-11f0-8839-99c40e872c42" X-ARR-LOG-ID="47d59d02-5720-11f0-8839-99c40e872c42" CLIENT-IP="4.194.122.162:56450" X-SITE-DEPLOYMENT-ID="langchain-rag-bot-20250702123642" WAS-DEFAULT-HOSTNAME="langchain-rag-bot-20250702123642.scm.azurewebsites.net" X-Forwarded-Proto="https" X-AppService-Proto="https" X-Forwarded-TlsVersion="1.3" X-WAWS-Unencoded-URL="/api/deployments/latest" X-Client-IP="4.194.122.162" X-Client-Port="56450" >
  <step title="Cleanup Xml Logs" date="2025-07-02T08:50:19.349" >
    <step title="Cleanup Infos" date="2025-07-02T08:50:19.434" totalFiles="431" totalCleanup="271" /><!-- duration: 108ms -->
  </step><!-- duration: 212ms -->
  <step title="DeploymentService.GetResult" date="2025-07-02T08:50:19.612" >
    <step title="DeploymentService.GetLatestDeployment" date="2025-07-02T08:50:19.657" >
      <step title="DeploymentManager.GetResults" date="2025-07-02T08:50:19.687" /><!-- duration: 836ms -->
    </step><!-- duration: 906ms -->
  </step><!-- duration: 961ms -->
  <step title="Outgoing response" date="2025-07-02T08:50:20.599" type="response" statusCode="202" statusText="Accepted" /><!-- duration: 38ms -->
</step><!-- duration: 1319ms -->
