<step title="Incoming Request" date="2025-07-02T09:00:42.153" instance="978fb3" url="/api/deployments/latest" method="GET" type="request" pid="767,1,7" Accept="*/*" Host="langchain-rag-bot-20250702123642.scm.azurewebsites.net" User-Agent="AZURECLI/2.58.0 (MSI)" Accept-Encoding="gzip, deflate" Authorization="Bea..." x-ms-client-request-id="e7913544-5722-11f0-95b7-99c40e872c42" X-ARR-LOG-ID="e7913544-5722-11f0-95b7-99c40e872c42" CLIENT-IP="4.194.122.136:33293" X-SITE-DEPLOYMENT-ID="langchain-rag-bot-20250702123642" WAS-DEFAULT-HOSTNAME="langchain-rag-bot-20250702123642.scm.azurewebsites.net" X-Forwarded-Proto="https" X-AppService-Proto="https" X-Forwarded-TlsVersion="1.3" X-WAWS-Unencoded-URL="/api/deployments/latest" X-Client-IP="4.194.122.136" X-Client-Port="33293" >
  <step title="Cleanup Xml Logs" date="2025-07-02T09:00:42.172" >
    <step title="Cleanup Infos" date="2025-07-02T09:00:42.261" totalFiles="487" totalCleanup="327" /><!-- duration: 11ms -->
  </step><!-- duration: 116ms -->
  <step title="DeploymentService.GetResult" date="2025-07-02T09:00:42.328" >
    <step title="DeploymentService.GetLatestDeployment" date="2025-07-02T09:00:42.338" >
      <step title="DeploymentManager.GetResults" date="2025-07-02T09:00:42.356" /><!-- duration: 722ms -->
    </step><!-- duration: 781ms -->
  </step><!-- duration: 802ms -->
  <step title="Outgoing response" date="2025-07-02T09:00:43.185" type="response" statusCode="202" statusText="Accepted" /><!-- duration: 18ms -->
</step><!-- duration: 1060ms -->
