<step title="Incoming Request" date="2025-07-02T08:16:55.611" instance="978fb3" url="/api/deployments/latest" method="GET" type="request" pid="772,1,28" Accept="*/*" Host="langchain-rag-bot-20250702123642.scm.azurewebsites.net" User-Agent="AZURECLI/2.58.0 (MSI)" Accept-Encoding="gzip, deflate" Authorization="Bea..." x-ms-client-request-id="da16f1eb-571b-11f0-ba80-99c40e872c42" X-ARR-LOG-ID="da16f1eb-571b-11f0-ba80-99c40e872c42" CLIENT-IP="4.194.122.136:19730" X-SITE-DEPLOYMENT-ID="langchain-rag-bot-20250702123642" WAS-DEFAULT-HOSTNAME="langchain-rag-bot-20250702123642.scm.azurewebsites.net" X-Forwarded-Proto="https" X-AppService-Proto="https" X-Forwarded-TlsVersion="1.3" X-WAWS-Unencoded-URL="/api/deployments/latest" X-Client-IP="4.194.122.136" X-Client-Port="19730" >
  <step title="Cleanup Xml Logs" date="2025-07-02T08:16:55.631" >
    <step title="Cleanup Infos" date="2025-07-02T08:16:55.696" totalFiles="282" totalCleanup="122" /><!-- duration: 20ms -->
  </step><!-- duration: 97ms -->
  <step title="DeploymentService.GetResult" date="2025-07-02T08:16:55.765" >
    <step title="DeploymentService.GetLatestDeployment" date="2025-07-02T08:16:55.774" >
      <step title="DeploymentManager.GetResults" date="2025-07-02T08:16:55.783" /><!-- duration: 405ms -->
    </step><!-- duration: 428ms -->
  </step><!-- duration: 491ms -->
  <step title="Outgoing response" date="2025-07-02T08:16:56.276" type="response" statusCode="202" statusText="Accepted" /><!-- duration: 18ms -->
</step><!-- duration: 694ms -->
