<step title="Incoming Request" date="2025-07-02T08:52:21.663" instance="978fb3" url="/api/deployments/latest" method="GET" type="request" pid="767,1,18" Accept="*/*" Host="langchain-rag-bot-20250702123642.scm.azurewebsites.net" User-Agent="AZURECLI/2.58.0 (MSI)" Accept-Encoding="gzip, deflate" Authorization="Bea..." x-ms-client-request-id="47d59d02-5720-11f0-8839-99c40e872c42" X-ARR-LOG-ID="47d59d02-5720-11f0-8839-99c40e872c42" CLIENT-IP="4.194.122.136:44750" X-SITE-DEPLOYMENT-ID="langchain-rag-bot-20250702123642" WAS-DEFAULT-HOSTNAME="langchain-rag-bot-20250702123642.scm.azurewebsites.net" X-Forwarded-Proto="https" X-AppService-Proto="https" X-Forwarded-TlsVersion="1.3" X-WAWS-Unencoded-URL="/api/deployments/latest" X-Client-IP="4.194.122.136" X-Client-Port="44750" >
  <step title="Cleanup Xml Logs" date="2025-07-02T08:52:21.698" >
    <step title="Cleanup Infos" date="2025-07-02T08:52:21.838" totalFiles="454" totalCleanup="294" /><!-- duration: 16ms -->
  </step><!-- duration: 166ms -->
  <step title="DeploymentService.GetResult" date="2025-07-02T08:52:21.930" >
    <step title="DeploymentService.GetLatestDeployment" date="2025-07-02T08:52:21.949" >
      <step title="DeploymentManager.GetResults" date="2025-07-02T08:52:21.986" /><!-- duration: 849ms -->
    </step><!-- duration: 925ms -->
  </step><!-- duration: 963ms -->
  <step title="Outgoing response" date="2025-07-02T08:52:22.922" type="response" statusCode="202" statusText="Accepted" /><!-- duration: 10ms -->
</step><!-- duration: 1288ms -->
