<step title="Incoming Request" date="2025-07-02T08:53:40.587" instance="978fb3" url="/api/deployments/latest" method="GET" type="request" pid="767,1,22" Accept="*/*" Host="langchain-rag-bot-20250702123642.scm.azurewebsites.net" User-Agent="AZURECLI/2.58.0 (MSI)" Accept-Encoding="gzip, deflate" Authorization="Bea..." x-ms-client-request-id="47d59d02-5720-11f0-8839-99c40e872c42" X-ARR-LOG-ID="47d59d02-5720-11f0-8839-99c40e872c42" CLIENT-IP="4.194.122.162:2752" X-SITE-DEPLOYMENT-ID="langchain-rag-bot-20250702123642" WAS-DEFAULT-HOSTNAME="langchain-rag-bot-20250702123642.scm.azurewebsites.net" X-Forwarded-Proto="https" X-AppService-Proto="https" X-Forwarded-TlsVersion="1.3" X-WAWS-Unencoded-URL="/api/deployments/latest" X-Client-IP="4.194.122.162" X-Client-Port="2752" >
  <step title="Cleanup Xml Logs" date="2025-07-02T08:53:40.596" >
    <step title="Cleanup Infos" date="2025-07-02T08:53:40.683" totalFiles="469" totalCleanup="309" /><!-- duration: 8ms -->
  </step><!-- duration: 105ms -->
  <step title="DeploymentService.GetResult" date="2025-07-02T08:53:40.732" >
    <step title="DeploymentService.GetLatestDeployment" date="2025-07-02T08:53:40.741" >
      <step title="DeploymentManager.GetResults" date="2025-07-02T08:53:40.750" /><!-- duration: 522ms -->
    </step><!-- duration: 541ms -->
  </step><!-- duration: 559ms -->
  <step title="Outgoing response" date="2025-07-02T08:53:41.314" type="response" statusCode="202" statusText="Accepted" /><!-- duration: 9ms -->
</step><!-- duration: 745ms -->
