<step title="Incoming Request" date="2025-07-02T08:50:36.996" instance="978fb3" url="/api/deployments/latest" method="GET" type="request" pid="767,1,15" Accept="*/*" Host="langchain-rag-bot-20250702123642.scm.azurewebsites.net" User-Agent="AZURECLI/2.58.0 (MSI)" Accept-Encoding="gzip, deflate" Authorization="Bea..." x-ms-client-request-id="47d59d02-5720-11f0-8839-99c40e872c42" X-ARR-LOG-ID="47d59d02-5720-11f0-8839-99c40e872c42" CLIENT-IP="4.194.122.170:10641" X-SITE-DEPLOYMENT-ID="langchain-rag-bot-20250702123642" WAS-DEFAULT-HOSTNAME="langchain-rag-bot-20250702123642.scm.azurewebsites.net" X-Forwarded-Proto="https" X-AppService-Proto="https" X-Forwarded-TlsVersion="1.3" X-WAWS-Unencoded-URL="/api/deployments/latest" X-Client-IP="4.194.122.170" X-Client-Port="10641" >
  <step title="Cleanup Xml Logs" date="2025-07-02T08:50:37.065" >
    <step title="Cleanup Infos" date="2025-07-02T08:50:37.180" totalFiles="434" totalCleanup="274" /><!-- duration: 49ms -->
  </step><!-- duration: 251ms -->
  <step title="DeploymentService.GetResult" date="2025-07-02T08:50:37.412" >
    <step title="DeploymentService.GetLatestDeployment" date="2025-07-02T08:50:37.422" >
      <step title="DeploymentManager.GetResults" date="2025-07-02T08:50:37.453" /><!-- duration: 1012ms -->
    </step><!-- duration: 1107ms -->
  </step><!-- duration: 1183ms -->
  <step title="Outgoing response" date="2025-07-02T08:50:38.638" type="response" statusCode="202" statusText="Accepted" /><!-- duration: 63ms -->
</step><!-- duration: 1725ms -->
