<step title="BackgroundTrace" date="2025-07-02T08:09:27.462" instance="978fb3" url="/api/zipdeploy" method="POST" >
  <step title="Creating temporary deployment - FetchDeploymentManager" date="2025-07-02T08:09:27.578" /><!-- duration: 7ms -->
  <step title="Creating temporary deployment" date="2025-07-02T08:09:27.615" /><!-- duration: 192ms -->
  <step title="Performing fetch based deployment" date="2025-07-02T08:09:27.968" >
    <step title="Cleaning up temp folders from previous zip deployments and extracting pushed zip file /tmp/zipdeploy/188bce7c-798b-4798-9408-9f8aa406b733.zip (0.02 MB) to /tmp/zipdeploy/extracted" date="2025-07-02T08:09:29.311" >
      <step title="ChmodRecursive Process exited with total time taken in ms: 154" date="2025-07-02T08:09:29.614" /><!-- duration: 18ms -->
    </step><!-- duration: 338ms -->
    <step title="Deployment timer started" date="2025-07-02T08:09:31.714" >
      <step title="DeploymentManager.Deploy(id:b51210dd-39e8-45c0-aa39-33492ade3f45)" date="2025-07-02T08:09:31.740" >
        <step title="Collecting changeset information" date="2025-07-02T08:09:31.801" /><!-- duration: 961ms -->
        <step title="Updating submodules" date="2025-07-02T08:09:32.780" /><!-- duration: 1208ms -->
        <step title="Determining deployment builder" date="2025-07-02T08:09:34.576" >
          <step title="Builder is OryxBuilder" date="2025-07-02T08:09:34.610" /><!-- duration: 5ms -->
        </step><!-- duration: 52ms -->
        <step title="PreDeployment: context.CleanOutputPath False" date="2025-07-02T08:09:34.711" >
          <step title="PreDeployment: context.OutputPath /home/site/wwwroot" date="2025-07-02T08:09:34.858" >
            <step title="Building" date="2025-07-02T08:09:35.044" >
              <step title="Executing external process" date="2025-07-02T08:09:35.460" type="process" path="bash" arguments="-c &quot;oryx build /tmp/zipdeploy/extracted -o /home/site/wwwroot --platform python --platform-version 3.11 -p virtualenv_name=antenv --log-file /tmp/build-debug.log  -i /tmp/8ddb93fc805c2bc --compress-destination-dir | tee /tmp/oryx-build.log ; exit $PIPESTATUS &quot;" >
                <step title="Cpu: python(1028,25.120s)+ts(1029,0.130s)+build.sh(1027,0.000s)+build.sh(1026,0.000s)+build.sh(922,0.040s)+oryx(901,5.430s)+tee(902,0.000s)+bash(900,0.000s)=total(30.720s)" date="2025-07-02T08:11:52.155" /><!-- duration: 10ms -->
                <step title="bash: no io activity for 61s, prev-cpu=-1.000s, current-cpu=30.720s" date="2025-07-02T08:11:52.238" /><!-- duration: 70ms -->
                <step title="Cpu: python(1028,52.480s)+ts(1029,0.210s)+build.sh(1027,0.000s)+build.sh(1026,0.000s)+build.sh(922,0.060s)+oryx(901,5.470s)+tee(902,0.000s)+bash(900,0.000s)=total(58.220s)" date="2025-07-02T08:12:52.747" /><!-- duration: 21ms -->
                <step title="bash: no io activity for 122s, prev-cpu=30.720s, current-cpu=58.220s" date="2025-07-02T08:12:52.795" /><!-- duration: 20ms -->
                <step title="Cpu: python(1028,81.910s)+ts(1029,0.260s)+build.sh(1027,0.000s)+build.sh(1026,0.000s)+build.sh(922,0.070s)+oryx(901,5.570s)+tee(902,0.000s)+bash(900,0.000s)=total(87.800s)" date="2025-07-02T08:13:53.087" /><!-- duration: 35ms -->
                <step title="bash: no io activity for 182s, prev-cpu=58.220s, current-cpu=87.800s" date="2025-07-02T08:13:53.179" /><!-- duration: 38ms -->
                <step title="Cpu: python(1028,121.100s)+ts(1029,0.260s)+build.sh(1027,0.000s)+build.sh(1026,0.000s)+build.sh(922,0.070s)+oryx(901,5.620s)+tee(902,0.000s)+bash(900,0.000s)=total(127.020s)" date="2025-07-02T08:14:53.796" /><!-- duration: 48ms -->
                <step title="bash: no io activity for 242s, prev-cpu=87.800s, current-cpu=127.020s" date="2025-07-02T08:14:53.896" /><!-- duration: 20ms -->
                <step title="Cpu: python(1028,158.410s)+ts(1029,0.260s)+build.sh(1027,0.000s)+build.sh(1026,0.000s)+build.sh(922,0.070s)+oryx(901,5.660s)+tee(902,0.000s)+bash(900,0.000s)=total(164.390s)" date="2025-07-02T08:15:54.234" /><!-- duration: 28ms -->
                <step title="bash: no io activity for 303s, prev-cpu=127.020s, current-cpu=164.390s" date="2025-07-02T08:15:54.319" /><!-- duration: 23ms -->
                <step title="Cpu: python(1028,200.170s)+ts(1029,0.260s)+build.sh(1027,0.000s)+build.sh(1026,0.000s)+build.sh(922,0.070s)+oryx(901,5.700s)+tee(902,0.000s)+bash(900,0.000s)=total(206.200s)" date="2025-07-02T08:16:54.606" /><!-- duration: 27ms -->
                <step title="bash: no io activity for 364s, prev-cpu=164.390s, current-cpu=206.200s" date="2025-07-02T08:16:54.680" /><!-- duration: 19ms -->
                <step title="Cpu: gzip(1331,40.540s)+sh(1330,0.000s)+tar(1329,3.890s)+build.sh(922,0.100s)+oryx(901,7.010s)+tee(902,0.010s)+bash(900,0.000s)=total(51.540s)" date="2025-07-02T08:19:51.623" /><!-- duration: 13ms -->
                <step title="bash: no io activity for 60s, prev-cpu=-1.000s, current-cpu=51.540s" date="2025-07-02T08:19:51.694" /><!-- duration: 38ms -->
                <step title="Cpu: gzip(1331,79.360s)+sh(1330,0.000s)+tar(1329,8.230s)+build.sh(922,0.100s)+oryx(901,7.020s)+tee(902,0.010s)+bash(900,0.000s)=total(94.720s)" date="2025-07-02T08:20:51.974" /><!-- duration: 10ms -->
                <step title="bash: no io activity for 121s, prev-cpu=51.540s, current-cpu=94.720s" date="2025-07-02T08:20:52.019" /><!-- duration: 29ms -->
              </step><!-- duration: 721725ms -->
              <step title="Using PythonDeploymentLogParser" date="2025-07-02T08:21:38.043" /><!-- duration: 5ms -->
              <step title="Triggering recycle (preview mode disabled)." date="2025-07-02T08:21:39.451" /><!-- duration: 11ms -->
              <step title="Modified file to trigger a restart of the app container." date="2025-07-02T08:21:39.495" /><!-- duration: 6ms -->
              <step title="Skip function trigger and logicapp sync because function is not enabled." date="2025-07-02T08:21:39.532" /><!-- duration: 5ms -->
            </step><!-- duration: 725354ms -->
          </step><!-- duration: 725559ms -->
          <step title="Cleaning up temp files" date="2025-07-02T08:21:40.443" /><!-- duration: 6856ms -->
          <step title="Cleaning up temp files" date="2025-07-02T08:21:47.309" /><!-- duration: 512ms -->
          <step title="Reloading status file with latest updates" date="2025-07-02T08:21:47.864" >
            <step title="WebHooksManager.PublishEventAsync: PostDeployment" date="2025-07-02T08:21:47.875" /><!-- duration: 125ms -->
          </step><!-- duration: 142ms -->
          <step title="Cleaning up temporary deployment - fetch deployment was successful" date="2025-07-02T08:21:48.024" /><!-- duration: 7ms -->
        </step><!-- duration: 733394ms -->
      </step><!-- duration: 736399ms -->
