﻿<?xml version="1.0" encoding="utf-8"?>
<deployment>
  <id>e721e3de-e660-4b2c-a0f8-33beef25849a</id>
  <author>N/A</author>
  <deployer>Push-Deployer</deployer>
  <authorEmail>N/A</authorEmail>
  <message>Created via a push deployment</message>
  <progress></progress>
  <status>Success</status>
  <statusText></statusText>
  <lastSuccessEndTime>2025-07-02T09:18:14.35345Z</lastSuccessEndTime>
  <receivedTime>2025-07-02T09:06:13.7297822Z</receivedTime>
  <startTime>2025-07-02T09:06:15.2011732Z</startTime>
  <endTime>2025-07-02T09:18:14.35345Z</endTime>
  <complete>True</complete>
  <is_temp>False</is_temp>
  <is_readonly>True</is_readonly>
  <buildSummary />
</deployment>